CODE,POLITICS,POPULATION,AGE25_PROPTN,AGE_MEDIAN,AGE50_PROPTN,POP_DENSITY,GDP,INFANT_MORT,DOCS,VAX_RATE,HEALTHCARE_BASIS,HEALTHCARE_COST,DEATH_RATE,OBS_TYPE,GROCERIES
State1,STABLE DEM,3170.55770891387,18.3360008172505,37.0820785367727,39.0829364722026,499.576587443053,54.2493715368307,12.4899333969469,26.4256110329142,56.3326771353353,FREE,,24.67719720284,Test,jam%bread%cocoa%pork%butter%rolls%dressings%chicken
State2,STABLE DEM,4317.65147149254,15.346886151423,33.3514248802717,39.352513024279,498.235440640802,56.4664043944705,12.8180872034051,19.8299369857779,59.0809914535587,INSURANCE,4907.11722918037,15.3688178622006,Test,cocoa%coffee%chocolate%salt%beef%cheese%stationery
State3,STABLE DEM,4621.41392001677,,35.5757929770218,37.4053439196938,,,14.2745456130261,19.9078289046808,57.9486258329897,FREE,,16.1340549818522,Train,tea%jam%cocoa%butter%sugar%wine
State4,STABLE DEM,2595.62637310845,12.94107655215,,41.4164801014804,486.430541444677,57.2070718105794,14.8342334608296,24.369449932392,61.9418019092375,FREE,,14.7503169533187,Train,magazine%lamb%chocolate%milk%soft drink%cheese%crisps%coffee
State5,STABLE DEM,,14.5550259315128,31.8451923337791,38.9959008892071,,61.6022043368258,12.4271013964286,,56.085498373962,INSURANCE,4708.53665524253,15.2823173516755,Test,flour%magazine%salads%crackers
State6,UNSTABLE DEM,1889.42378875433,12.0824441489933,,,506.68627360691,,,27.8091333870238,57.3359254994345,INSURANCE,4819.94565533416,26.3402861729804,Train,cocoa%coffee%dressings%salads%magazine%soft drink%beer
State7,--,1603.35281477211,,31.4212359027628,,518.937754517182,54.2481693651423,,21.4024945380459,64.7051175345787,PRIVATE,14987.7278259618,23.2110163389772,Train,coffee%rolls%stationery%cordial%dressings%cheese%milk%pork%lamb%biscuits%sauces
State8,OTHER,2142.47404443337,10.3724352115828,31.561246858418,,,56.5202407587065,15.7353986780896,20.4906101015432,,INSURANCE,5022.71380923701,15.1136875549038,Test,chocolate%wine%sugar%cordial%beef%crisps%sauces%pork
State9,UNSTABLE DEM,,12.4595292782055,28.7010638695027,34.8872273083187,504.395172061804,,,24.161001406889,61.8166902687192,PRIVATE,15283.7280220057,19.9449336218296,Test,pork%flour%salads%stationery%condiments%rolls
State10,UNSTABLE DEM,5829.91211824737,17.0588740116061,34.1870221063184,40.0250246520396,497.726410559677,54.5521358701836,13.0053697441203,22.2657834090971,60.4444353670277,FREE,,18.7076074439041,Test,magazine%beer%stationery%cider%crisps
State11,UNSTABLE DEM,3842.38979277519,13.7626954490797,,38.4664273770325,487.98676013732,52.5668934327153,11.719422094064,19.264917623415,61.6888156797975,INSURANCE,4453.83034255095,8.992223598783,Train,detergent%soft drink%crackers%cider%vegetables%wine%chicken%lamb%crisps%rolls
State12,STABLE DEM,4739.7947675362,16.8584126977888,35.45765779546,40.7800577015423,,18.4070598667287,,,38.0772878761982,INSURANCE,5149.32853598188,26.2458803065384,Train,vegetables%biscuits%sugar%cordial%beef
State13,UNSTABLE DEM,4865.06540209153,18.6925574135073,36.7718660734718,44.5755879039471,,63.3470379588746,11.9677757356068,,,INSURANCE,4646.62234063741,16.4572790221187,Test,butter%detergent%flour%tea%sauces
State14,UNSTABLE DEM,,18.5251564879296,36.404927195671,,502.302650739214,51.7623118395188,10.6458680919046,,59.7824451708382,FREE,,16.5137874141463,Test,lamb%condiments%cleaner%pork%bread%beef%rolls%cordial%butter%cheese%stationery
State15,OTHER,1025.17159501418,12.6591115925398,,,,57.7506002359235,,25.0644626807135,57.2345300734792,PRIVATE,14989.8443413707,25.2253177244905,Test,cocoa%salt%coffee%lamb%crackers%bread
State16,STABLE DEM,2887.10506022378,,,40.3036228150639,,57.5920587061471,,19.5075903657112,62.2538876307423,FREE,,21.9483829186254,Train,cheese%coffee%pork%detergent
State17,STABLE DEM,3358.42796417765,9.79461066004473,32.8309449466585,35.3359085415914,490.796780141552,57.0085136628723,17.7960554352856,22.7802772601663,16,FREE,,16.6467555420347,Train,sauces%chocolate%flour%vegetables%beer%wine
State18,UNSTABLE DEM,,13.753833384859,,,500.18993920964,,12.3966071822166,21.081079959477,59.680487934576,INSURANCE,4900.36372110339,16.410516229884,Train,soft drink%stationery%cheese%biscuits%lamb%wine
State19,UNSTABLE DEM,2785.77337551565,16.8224658907119,,41.3071949647739,491.442748787511,57.1901918680123,13.4473131405933,22.3918140919894,60.4687670606229,INSURANCE,4770.9476656662,15.3411251672355,Test,biscuits%chocolate%beer%cheese%chicken
State20,STABLE DEM,3090.19987761924,13.1622008690445,32.020702691623,-99,,57.8081000508322,,-99,-99,INSURANCE,4905.9589963323,14.3151684138205,Test,stationery%cleaner%sugar%cocoa%chicken%fuit%bread%lamb%cordial
State21,STABLE DEM,2035.44411623171,16.8265998145968,,41.1488424641604,492.901703002811,54.8910712261119,13.2596913476077,25.2874783418593,57.0596488962295,INSURANCE,4952.09664504739,20.6924855616177,Train,fuit%rolls%detergent%cocoa%lamb%cordial%dressings%coffee%tea%stationery
State22,STABLE DEM,1249.06861657697,14.5319943040912,31.6338102937654,37.4537618129317,481.771489146906,60.0883986388391,11.4862539104144,20.6150055368713,55.8250012339627,INSURANCE,4728.67739266552,7.14258773478422,Train,wine%detergent%crackers%beef%stationery%cocoa%sugar
State23,UNSTABLE DEM,1191.17505689658,11.6937045709142,,39.465969267799,496.443538019812,54.7577617069235,15.3075547464982,21.7384456277643,-99,PRIVATE,14205.1475655134,15.3936756917057,Train,milk%beer%crackers%magazine%cleaner%coffee%detergent
State24,STABLE DEM,3196.81720986373,14.9692119057562,32.2468146466893,38.8678583023031,501.19241798655,,,,61.212974272352,FREE,,19.7435657727628,Train,salt%flour%beef%crisps%fuit%cocoa%biscuits%lamb%salads%beer%magazine
State25,UNSTABLE DEM,809.992524203913,11.3288378950963,,39.0816054842123,494.775934956975,52.3735205046613,15.1606606835679,24.2488806318123,60.10129533359,PRIVATE,15300.9357726643,15.668260224311,Train,wine%crackers%dressings%salads
State26,UNSTABLE DEM,3712.17036970251,12.4313031607044,32.0685344547314,36.4025305044998,486.263542412206,49.6323820004359,14.4366635051659,26.2644140161012,64.4051559122021,INSURANCE,5089.74054829517,13.1100087425834,Train,crisps%vegetables%chicken%condiments%dressings%sauces%fuit%flour%soft drink%milk
State27,STABLE DEM,,,34.1350461039024,,523.549094490588,61.4099423335151,12.0760373104417,16.8360311307116,64.0352149656925,PRIVATE,15003.2748796907,22.9299552106193,Train,lamb%cordial%magazine%butter%pork%tea%coffee
State28,STABLE DEM,3114.34633358313,17.0531175075858,,36.2635673941494,492.533471324133,56.6317514258773,12.5689741241509,22.8371006385504,63.1444043456611,FREE,,13.5229003574179,Train,magazine%salads%biscuits%milk%cleaner%bread%condiments%cordial
State29,UNSTABLE DEM,3939.60950717742,,37.6783562046999,40.1378650211549,,,12.0672519881016,20.6529781202355,56.9751558781284,INSURANCE,5008.4497407351,23.5393183460214,Train,cordial%sauces%coffee%detergent
State30,STABLE DEM,6025.56948626718,16.5735755962234,,,507.613338108026,53.5371254764956,,,60.2204192924818,FREE,,26.6762078540595,Test,sugar%cocoa%butter%cider%tea%salads%biscuits%beef%condiments%salt%wine
State31,STABLE DEM,,,,,503.227699903952,58.3327228276978,11.6890106582282,20.4233292627,56.3492736148776,INSURANCE,5184.8952546562,16.1900448672446,Test,crisps%sauces%stationery%cheese%sugar%bread%rolls
State32,UNSTABLE DEM,3868.30984172224,,,,503.44097494988,60.8616547452163,,22.1941193770878,-99,INSURANCE,4451.1237865112,20.1549193135719,Train,wine%cleaner%chocolate%pork%flour%detergent%magazine
State33,STABLE DEM,2756.67138856671,16.5586707963888,,41.9437706086291,,,12.941060850759,,57.7963258158272,INSURANCE,4972.47916673548,19.7260495466539,Test,cocoa%wine%dressings%detergent
State34,UNSTABLE DEM,2476.29432439081,18.8213585423802,,40.0548537579562,490.826854766144,57.5204054852539,11.6193140551506,21.5840442719911,-99,INSURANCE,5013.95722886578,14.2973790675791,Test,chicken%dressings%beef%milk%cider%vegetables%salads%magazine%bread
State35,OTHER,611.907974200681,12.4959187096904,,38.8340933895918,482.553710895809,53.8982268879273,12.6016741905851,22.8543103706262,54.7508255872785,FREE,,12.9665332528235,Test,bread%wine%chicken%rolls%stationery
State36,STABLE DEM,3199.93021751257,14.8605354024989,,38.6889011520004,492.888751199981,55.1140963138416,14.0747147974044,21.4480624764232,61.0851080642435,PRIVATE,14913.5946558536,15.3056209891418,Train,sugar%milk%condiments%crackers%tea%pork%dressings%chicken%cocoa
State37,UNSTABLE DEM,,13.856147996687,,39.0701268224872,,57.355363487004,15.1332679532898,23.081113168621,,PRIVATE,15023.5540345398,20.7796580606773,Train,cordial%flour%tea%condiments%butter%wine%cleaner
State38,UNSTABLE DEM,1032.56202548532,18.0025201609865,,35.0263950139481,513.514793474109,,16.0548595759372,,,PRIVATE,14573.7045238745,28.4182508929365,Train,chocolate%soft drink%jam%cleaner%stationery
State39,UNSTABLE DEM,5677.9318365407,18.8697197245369,37.8975339179528,42.5293504747077,480.241497994244,58.4973983717122,11.8357827079276,18.2441369408716,58.8045376107957,INSURANCE,4968.09901420414,6.39784031020827,Train,soft drink%lamb%biscuits%pork%stationery
State40,STABLE DEM,,17.0415565143249,34.5958254249895,33.768110200341,500.978638663468,48.6091336650717,,23.6947522355749,,FREE,,19.036039103248,Train,condiments%fuit%cheese%cider%sugar%detergent%beer%jam
State41,STABLE DEM,1116.98207295313,,34.424332357181,43.5195908559056,501.366520635003,55.5925074323296,,,65.6987644341811,INSURANCE,5128.99329518834,15.7893776193304,Train,bread%sauces%coffee%wine%salads%crackers%vegetables%condiments%pork%magazine%stationery
State42,UNSTABLE DEM,,,,41.2622033200037,519.634313975109,52.2511706023985,15.5008274167822,23.0221708329344,,FREE,,28.6550826037708,Train,cider%salads%cheese%coffee%rolls%sauces%cleaner%stationery
State43,UNSTABLE DEM,2022.95108025877,12.6941270665143,,36.985676969365,496.129685206531,56.8315976513328,16.5673788634651,25.5795899042989,63.5063510553935,INSURANCE,5113.40071301242,18.6047590880167,Train,cider%detergent%beer%wine%biscuits%chicken%cordial%crackers
State44,STABLE DEM,4539.63244220817,15.0659718765855,,34.3356971382813,495.283298152312,50.8129983549866,13.4516620396437,25.6468868079963,60.4553942487162,INSURANCE,4351.0339579035,16.8474353865682,Train,salads%cordial%tea%dressings%fuit%jam%salt%beef%butter%cocoa
State45,UNSTABLE DEM,3322.3498303569,13.7224927953099,,32.8191460836608,485.202679659753,45.7377841581023,14.5664619804928,27.7928697387368,61.486367622367,INSURANCE,4999.70112372827,13.5653851570851,Test,tea%cleaner%cider%beer%beef%jam%rolls
State46,UNSTABLE DEM,3275.33804666015,,30.901940707649,,,56.6310082631124,14.8905199408262,23.4701624707859,56.2522767571777,INSURANCE,4947.81720460369,24.5914691890285,Train,chicken%sugar%cider%sauces%condiments%salads%coffee%biscuits%chocolate%salt%bread
State47,OTHER,3882.10659506779,19.9283539283608,38.1305053265266,42.2942900817301,496.116698067428,62.430049952127,14.5091903244556,25.6238364922018,58.489500068578,INSURANCE,5158.38850830785,22.474208038772,Test,biscuits%lamb%cocoa%jam%sauces%bread%vegetables
State48,UNSTABLE DEM,5984.43786703889,,,46.4035764416888,514.515989038285,,13.835170142578,,62.5978909385154,FREE,,25.2358283077412,Train,dressings%beer%wine%stationery
State49,UNSTABLE DEM,7821.67289385519,15.2176968852176,,38.6488754716242,493.171457267591,56.4016921153868,13.7172803384207,26.9988094070633,16,FREE,,21.7562720829438,Train,salt%beef%jam%magazine%chicken%cider%soft drink%wine%crisps%sugar%tea
State50,--,2683.44792027985,-99,34.6823017767327,,524.586955930283,57.0202544154105,,22.5631788427226,,INSURANCE,5021.9370827795,28.689040861513,Test,beef%sauces%cordial%stationery%salt%lamb%dressings%magazine
State51,UNSTABLE DEM,,14.6598856447763,34.9836536607645,37.1974276997181,,58.9935756681264,13.3530798085167,21.110473579176,,PRIVATE,15067.6874113504,15.3730388811311,Train,cleaner%butter%milk%cocoa%chocolate
State52,UNSTABLE DEM,3780.77813582965,17.0428465593792,,40.4484208867572,494.04723546785,55.7734870503519,14.3712636365976,25.8648479419563,55.9161960475224,INSURANCE,4787.17685944384,22.9653882721722,Train,dressings%bread%flour%salt
State53,STABLE DEM,714.538374323502,17.4886301031644,34.9982840531504,33.9743748761395,499.66348490758,54.6880482843739,10.6121666880314,20.6200122363525,59.8439877694775,FREE,,14.6541478381456,Test,lamb%crisps%chocolate%cleaner%beer%cider%butter%detergent%crackers%magazine%vegetables
State54,STABLE DEM,1482.01262040856,11.1311392753489,,39.1207707117207,,58.1555916142301,,22.3873880124451,,INSURANCE,4904.74585475313,20.6435402867965,Train,chicken%lamb%flour%salads%pork%bread%cocoa
State55,STABLE DEM,3511.69329884299,14.0177271768202,,-99,505.326118986012,,,-99,-99,FREE,,26.2634614078087,Train,beer%cheese%cleaner%salads%biscuits
State56,UNSTABLE DEM,6127.47579893362,,35.9462590055118,42.9679215220458,501.006830716985,,,23.1060797446115,16,INSURANCE,4748.82143083524,20.9844438829755,Train,salads%magazine%tea%wine%sauces%coffee%bread%cocoa%butter
State57,STABLE DEM,,12.6324985473766,,39.6087002497809,516.590329356747,,14.7141158473179,,58.6047539814322,INSURANCE,4947.54879875725,25.8440548398973,Train,detergent%sugar%cheese%cocoa%crackers%biscuits
State58,STABLE DEM,4084.80162629887,,33.3948263218919,,505.176723315685,59.9476882177015,,17.7282801245647,62.945176926452,INSURANCE,5012.67567520042,16.029741294512,Train,beer%coffee%wine%beef%salads%lamb%pork%condiments%magazine
State59,DICTATORSHIP,,13.7933057198152,32.6540743831946,,511.502882442509,51.2989529884701,12.5380061903853,23.0082953629584,,FREE,,22.2410070474475,Test,detergent%chocolate%wine%crackers%condiments%beer%butter%fuit%soft drink
State60,STABLE DEM,,12.479764873525,,35.9114770643387,500.710381886728,,14.7118017521,25.4057322413811,,INSURANCE,5058.57239556978,21.2579737116412,Test,sauces%tea%fuit%wine%jam%flour%magazine%beer%coffee
State61,STABLE DEM,4564.03404685905,17.7435690439873,,,,62.2818208400594,15.7728358174161,25.9411157495149,,INSURANCE,5059.3265938145,25.6448510811216,Train,dressings%stationery%condiments%cider%cleaner
State62,OTHER,1490.6303026303,15.1144714233537,,36.7474040080479,496.323454579592,54.1198668216904,15.2402315696977,25.8784364752369,61.6048169058179,INSURANCE,5204.04939651728,18.836737575509,Test,crackers%wine%crisps%cheese
State63,UNSTABLE DEM,6425.63828692417,14.3718764450357,,35.6335104979964,493.671051490178,53.8754101671143,13.9831950409608,24.4725678345146,59.7190762478304,INSURANCE,5233.27203656668,16.4155639788562,Train,salt%flour%tea%fuit%beer%biscuits%dressings%cider%vegetables%coffee%chocolate
State64,UNSTABLE DEM,,17.1170669611751,34.1819071221936,,510.636259344469,53.7679802397253,,27.5462855767688,57.0731516549806,INSURANCE,5007.25519961825,29.7054754021528,Test,cheese%salt%cleaner%cocoa%condiments%bread%cider
State65,STABLE DEM,6018.43126968341,13.2000581046599,34.0174810628819,35.7954328111464,498.845765660113,51.0627394756016,15.342434146295,25.7040855760252,58.7086774680863,INSURANCE,4774.86859669971,20.3881426270034,Test,cleaner%lamb%cocoa%crackers
State66,UNSTABLE DEM,2103.39165219345,12.0072796013902,33.2037799478442,39.7138028915688,486.654385437382,57.7977444491373,15.3157559565018,22.9842607826853,57.0570714056296,INSURANCE,4764.41515433288,14.0435416026255,Test,stationery%chocolate%coffee%salads%rolls%salt%beer%beef%flour%soft drink%sauces
State67,UNSTABLE DEM,433.926237698564,15.0929572267999,,,,,12.6290426435741,21.252628981473,63.2302927585822,INSURANCE,4777.67244091412,19.2753562929559,Test,salt%cleaner%lamb%flour%cider%coffee
State68,UNSTABLE DEM,3234.02968878601,15.2572411917183,34.1015438863428,40.6375583034895,492.188764061805,58.1631061953934,14.8197367188898,23.053100428646,64.8372019590133,INSURANCE,4957.86550434335,14.0233067473377,Train,pork%coffee%rolls%butter%bread%chicken%flour%biscuits%detergent%salt
State69,UNSTABLE DEM,6868.77355046001,,,38.614996276153,,49.7082685648482,,28.9781217197732,60.6652959346374,FREE,,28.2005342985119,Test,wine%salads%cider%salt%bread%rolls
State70,DICTATORSHIP,2656.60606795642,13.6929382137576,36.9287878556709,38.9516289707046,,,,25.5719191562964,63.1058535620135,INSURANCE,4842.36114239917,22.9912386875207,Train,butter%cider%salads%rolls%coffee%biscuits%sauces
State71,UNSTABLE DEM,,16.4991328152937,,38.7676403293837,512.416477363242,,13.3897082807425,,60.6800564592675,PRIVATE,14865.3884284618,24.4031961126874,Test,beer%crackers%coffee%wine%milk%condiments%stationery%fuit%cider
State72,UNSTABLE DEM,,15.0517956554509,34.8211380789492,-99,,54.1371311284918,,-99,-99,FREE,,27.7832896013698,Train,rolls%cordial%chicken%milk%cider%bread%sauces
State73,UNSTABLE DEM,,,36.9808502008479,35.8523401868398,501.155993209519,55.0509891177247,17.6377106338234,,61.2809688285383,INSURANCE,5149.87832935255,20.8432708758558,Train,sugar%magazine%cordial%biscuits%cider%butter%bread%rolls%coffee%milk
State74,,,,,,500.133705966741,50.0380794943393,,23.001212162006,,INSURANCE,5152.18109718946,20.1287769488285,Train,condiments%rolls%lamb%tea%crackers%soft drink%stationery
State75,STABLE DEM,223.502885741037,16.4996314118672,,39.9184619010639,499.940143081797,55.8470214994197,13.1512962479522,20.607238131372,62.3358998967762,PRIVATE,15447.5155329454,14.9712668023647,Test,jam%salads%sugar%lamb%detergent%flour%crackers%rolls%condiments
State76,DICTATORSHIP,2058.42138400629,,34.8503965345493,,,61.2652593137039,14.0415353935864,20.8166690049898,54.7310467554701,INSURANCE,5011.60890283556,20.8603200321794,Test,soft drink%chicken%milk%detergent%cocoa%pork%tea%butter
State77,UNSTABLE DEM,6098.43515927419,12.905679361607,,36.0363591142667,485.792921570181,54.99520723884,13.785835061991,20.2290452260605,-99,PRIVATE,14966.3229556024,8.91206702229719,Train,magazine%lamb%biscuits%rolls%salads%fuit%flour%beer%butter%crackers
State78,STABLE DEM,1609.6758321266,17.4946449624098,38.249719691244,37.4400676094756,498.950095889862,56.5802158697935,14.2848179626114,23.4240724545198,62.1014797453291,PRIVATE,13975.6076291416,16.8615142449788,Test,soft drink%fuit%cleaner%vegetables%beef%crisps%wine
State79,STABLE DEM,,12.6450755503158,,41.2153166648119,516.488487292328,57.9650652581812,,,66.7537153122049,PRIVATE,15162.040479801,22.0450067771233,Train,biscuits%milk%chicken%sugar
State80,STABLE DEM,,13.7402386384262,32.0119116167782,,503.833967975515,53.5944769810282,15.1758650364274,26.7111332317885,,INSURANCE,4775.68107052503,22.7691064657716,Train,stationery%coffee%pork%detergent%butter
State81,STABLE DEM,3080.97082843355,11.7761536019381,,37.1190988855071,,53.8726790700764,14.8603973822069,,,FREE,,22.604671293111,Train,biscuits%jam%salt%crackers%cordial%sauces%butter
State82,STABLE DEM,2760.95050907442,,35.7673735018751,39.7832314898278,,57.3052091501306,,16.8769743020705,64.5328900042262,INSURANCE,5454.03551621325,14.8268696979215,Train,cordial%bread%chicken%milk%chocolate%coffee%beer
State83,UNSTABLE DEM,,17.5206933164574,,,507.487829297993,59.5225686508325,,25.0331042373882,62.8847442462936,PRIVATE,14688.4427921757,25.4363954025521,Train,salt%crisps%stationery%salads%lamb%detergent%cordial
State84,UNSTABLE DEM,,,30.5084772875007,,505.902112061846,58.5056932971911,12.331052153581,17.4562161490473,59.544889356089,INSURANCE,5070.74596680123,17.2513740982479,Train,crisps%vegetables%stationery%jam%milk%bread%cider%cheese
State85,UNSTABLE DEM,4911.22002665222,13.8856505027069,30.2901895826668,,,58.8742498074528,,22.0849071760395,61.8448546548702,FREE,,17.5198593216948,Train,dressings%pork%biscuits%salt%cleaner%cocoa%butter
State86,UNSTABLE DEM,6501.36887723012,17.0652323155272,36.7864540155167,39.5973911609104,497.266169288849,57.9742195043799,15.2670423143783,26.295202458746,54.5206795001165,PRIVATE,15324.5167398754,23.5435759908173,Train,biscuits%magazine%beer%salt%salads%dressings%condiments%pork%bread
State87,UNSTABLE DEM,2485.98688974867,15.3959652730692,36.6921178296464,35.5426830669085,498.05762736258,53.8660792559365,13.2250051082421,22.7285840310444,59.393962579006,FREE,,15.6269398721683,Train,biscuits%wine%salt%vegetables%crisps%beef
State88,STABLE DEM,1583.40384179661,,31.4682834945349,39.7127540008618,,58.6925290664767,16.2820426753158,24.2678327946226,,INSURANCE,5328.07056279154,19.7992666743147,Test,cleaner%crackers%chocolate%sugar
State89,STABLE DEM,,17.7857117746578,,40.7120229158733,521.880609136461,59.1295774901411,14.8071371446237,,,INSURANCE,5044.94673516481,32.9899138525626,Train,beer%tea%coffee%wine%cocoa%sugar%beef%soft drink
State90,DICTATORSHIP,2771.88189428275,,36.5335692757228,38.4919234948727,507.454146382514,,,23.8415472199469,60.3760674840227,PRIVATE,14857.9132074968,22.466321361737,Train,tea%bread%soft drink%coffee
State91,STABLE DEM,5249.1873316623,,35.6482130735194,-99,509.92815466232,54.5612037569095,11.0110858685595,-99,-99,INSURANCE,4970.2320092697,17.2021198910268,Train,biscuits%rolls%vegetables%crisps%crackers%chicken%pork%cheese%lamb
State92,UNSTABLE DEM,,14.0938978495668,35.1930015150013,38.6215883291419,,,15.1817100815004,21.7372081706692,-99,INSURANCE,5178.93980788757,19.9511147379192,Train,magazine%coffee%beer%cider%detergent
State93,STABLE DEM,2740.03301895498,17.5242163521394,,,,54.4214419851785,13.9657213972719,28.1302554917973,,PRIVATE,14753.0258656003,30.5457670362497,Train,sugar%tea%stationery%lamb%soft drink%coffee%wine%sauces%vegetables
State94,UNSTABLE DEM,4876.53657373815,,35.5644572928341,-99,509.762233613432,,,-99,-99,FREE,,28.3761803201791,Test,stationery%wine%biscuits%bread%crackers%lamb%sauces
State95,UNSTABLE DEM,,16.1331612624004,,41.4488775445095,501.783650393151,,,17.837407556214,57.4288484490339,INSURANCE,5028.22812860575,15.2371173893624,Train,rolls%cheese%jam%tea%salt%cocoa
State96,STABLE DEM,973.335357234664,15.7906318062717,33.7026454896008,35.7888132587823,499.899061052697,57.7870134452411,13.6390892966596,24.5642634929923,58.6126399899796,INSURANCE,5122.54766637525,19.043953468628,Test,condiments%sugar%jam%cider%vegetables%beer%rolls%soft drink
State97,UNSTABLE DEM,1471.35396676718,,32.5145623130887,42.040011568187,,,14.5875769662596,20.2030915909842,33.8825844167219,INSURANCE,4927.75865349974,31.5117460378805,Train,flour%butter%vegetables%crisps%crackers%soft drink
State98,STABLE DEM,5427.39157225568,9.88676107638898,33.8205907424818,,,55.2502194296776,16.7072793651707,,59.4287325596871,PRIVATE,15013.390505242,23.2645903523452,Train,magazine%sugar%pork%fuit%crisps%salads%cordial
State99,STABLE DEM,,16.7641431522863,36.1481794921545,40.6731209921238,,53.4473853208815,,26.175444082094,55.6523614908434,INSURANCE,4967.40930434303,25.3210466634965,Train,coffee%detergent%pork%beef%crisps%salt%milk
State100,UNSTABLE DEM,,13.8420330824361,,,510.427327974162,56.1308335519065,13.396836113596,,64.1282172572068,INSURANCE,4930.33013561352,16.7072940120257,Train,tea%rolls%magazine%biscuits%cocoa
State101,,,,,,508.993594470072,49.6855456600342,,-99,,PRIVATE,15321.3697622444,22.4797045893794,Train,cheese%jam%soft drink%stationery%cordial%beef%rolls%crisps%pork%sauces%magazine
State102,UNSTABLE DEM,1211.93256744534,11.8401543230395,,35.1830869811295,497.56504143644,54.2353603379303,13.4601628188957,19.1665993128235,60.5844581903593,INSURANCE,4926.67120048768,11.569809791237,Train,magazine%cleaner%rolls%vegetables%sauces%bread%crisps%condiments%cordial%cheese%chicken
State103,STABLE DEM,4957.93292085786,15.4194272514924,,42.0795318714556,487.875091568792,15.6663205572759,15.4608672029034,30.6549048098739,34.9244431195439,PRIVATE,14417.4836142372,32.7943755248524,Train,salt%chicken%cordial%salads%wine
State104,UNSTABLE DEM,3396.99660128409,17.1821875979882,34.2145283811593,37.3875916947049,499.544134110856,62.4706747670211,12.7039247632461,20.7931818327545,62.820058924227,INSURANCE,4896.03595481845,13.6102445516276,Train,pork%cheese%jam%fuit%sugar%stationery%dressings%vegetables%cider%coffee%beef
State105,STABLE DEM,432.096624671858,14.8792252336334,34.9959363751327,40.5961818096769,493.236933097554,54.7486414278673,14.3413861542032,24.4843595095047,62.3270633964508,FREE,,18.8802548775475,Test,stationery%beef%salt%cocoa%salads%milk%jam%flour%cheese%sugar
State106,UNSTABLE DEM,4227.98613136669,12.483525817155,33.707286867842,38.2152855591859,498.732550629185,56.3895227728472,17.9846617471082,28.482372064415,60.621456433166,INSURANCE,5001.9565242871,23.837844646695,Train,cheese%crackers%magazine%pork%sauces%stationery%biscuits%vegetables%cocoa%chocolate%sugar
State107,STABLE DEM,3362.94836769174,12.950006752112,,34.9038412200154,500.238643582017,,12.8524812930438,,,INSURANCE,4896.61728178376,14.7399482044228,Test,milk%chocolate%crisps%stationery%dressings%vegetables%beer%lamb%fuit%rolls
State108,UNSTABLE DEM,2200.02755999675,,33.8078653994542,38.5747468724275,,,14.8624958410113,23.9841282090616,-99,INSURANCE,4830.19850739275,19.7322639249451,Train,cleaner%soft drink%crackers%chicken%lamb%crisps%fuit%vegetables%wine
State109,STABLE DEM,1990.0119270451,15.706096961436,,38.8392671093593,493.859456486681,57.5276521919819,14.8330742823221,20.5266916060483,60.6647449351995,PRIVATE,14681.1457852607,12.5699068524075,Train,jam%condiments%vegetables%pork%wine%butter%dressings%detergent%beer
State110,STABLE DEM,3343.55374686578,,33.8313210053347,,507.868660303509,58.0686048818017,,26.1015255574314,62.3532481680521,INSURANCE,4795.60693688097,24.7845262239192,Test,pork%chocolate%beef%magazine%sugar%stationery
State111,UNSTABLE DEM,2469.93319878515,16.8222582721812,36.3907807286262,40.7349971638567,488.092109546881,56.7489566298768,13.1315689114331,19.7958135796193,-99,PRIVATE,14973.3172278035,8.42916736752794,Train,cleaner%wine%salads%cocoa%cordial%beef%soft drink%flour%jam
State112,STABLE DEM,1325.20427908991,15.5181787704312,35.389871738904,41.8464686880359,497.609451297658,57.4334705599648,14.1491344697171,21.9211633687528,59.6644235277423,INSURANCE,4526.85525185411,19.2133789671713,Train,cheese%biscuits%beef%salt%pork%flour%vegetables%fuit
State113,DICTATORSHIP,3312.72896052246,13.1245655288412,,42.8342884533656,483.634046116828,56.3614530072145,17.4480960650763,25.0269769012768,61.0927397235588,PRIVATE,15165.2327791067,13.4054682711121,Train,chocolate%bread%detergent%crackers%salads%stationery
State114,STABLE DEM,1978.2739701403,17.0908477878216,,,508.033857918982,62.2815700306443,17.0486818989247,,,INSURANCE,5313.48613439701,28.6600099340169,Train,jam%sauces%sugar%condiments%cordial%detergent%salads
State115,STABLE DEM,929.074840155058,11.9475106656886,30.7739437347652,37.1744500517195,497.48406627235,59.5200553774688,13.8762181757808,23.0965594953617,62.054372679079,PRIVATE,14697.5635404205,15.276373510425,Train,rolls%cordial%coffee%milk%bread%soft drink%cleaner%lamb%butter
State116,STABLE DEM,3733.65244672142,,,38.4969053730319,500.49133437755,57.3305865819402,,,58.0056157613985,INSURANCE,4775.59511186096,14.7814372044593,Test,fuit%vegetables%coffee%jam
State117,STABLE DEM,1943.31388964448,15.1755109069904,,,,,12.6825926906509,20.5597974300857,60.9210500014934,FREE,,18.2942237679284,Test,cleaner%wine%beer%salt%sauces
State118,UNSTABLE DEM,5853.03704947794,14.6328851280238,,40.5500354290814,499.140546502158,49.7563985661631,13.1473844473295,23.4463809146226,-99,FREE,,19.1325559207515,Train,jam%magazine%lamb%tea%detergent
State119,UNSTABLE DEM,,14.2887986488293,32.6864475774009,,503.027427001956,60.0750296803634,13.081371897828,,59.4000038469776,PRIVATE,15366.8987774912,16.4378254110426,Train,wine%cider%tea%cheese%bread%sugar
State120,STABLE DEM,1349.61361143983,16.0099609393622,,44.1866734481315,490.50122505814,65.455832644152,14.8414732062639,23.709309849056,54.8982437582841,INSURANCE,5466.05705549432,19.7830193470506,Train,chocolate%salt%beer%cordial%condiments%wine%sugar%dressings
State121,UNSTABLE DEM,4337.84158349275,14.6697055665722,,37.5830738195118,499.926966853388,60.2664256093415,16.5034211166907,25.4359596039342,55.9412544146856,INSURANCE,4680.81065123643,21.7744746858246,Train,coffee%stationery%soft drink%crisps%condiments%biscuits
State122,OTHER,,18.3433788958206,33.2475301020105,35.1741676877533,515.737979894154,,,19.2177668568061,60.1785202363293,PRIVATE,15280.1126193573,19.5666195911412,Test,coffee%butter%crisps%lamb
State123,STABLE DEM,4490.31891193519,13.652825571843,,44.2514305631763,487.543222538071,23.7265233080291,15.0980889986813,20.3360318340828,40.3127761015546,INSURANCE,4842.69140818206,18.327614733072,Train,beef%bread%tea%beer%salt%crisps%crackers%detergent%soft drink
State124,UNSTABLE DEM,2148.68502848934,14.4702488801352,33.5767178853935,37.3344441711179,496.274933120432,55.9679383984568,13.6845114053278,19.1428646956013,-99,PRIVATE,15099.0835044716,11.784252745696,Train,fuit%cocoa%jam%pork%stationery
State125,STABLE DEM,1094.6201173241,11.7497352541038,31.2141405402549,42.9303426557247,,57.7660947559554,,23.9240322931023,,INSURANCE,4559.77928932163,23.2644254160831,Train,cordial%chocolate%crackers%condiments%flour
State126,OTHER,1744.20813468799,17.705874075584,34.9877990991877,42.7055788783028,487.138187168005,57.1101308642427,12.9545192674694,23.1822414299588,61.2748304391843,FREE,,15.569568325524,Train,jam%biscuits%chicken%soft drink%fuit
State127,UNSTABLE DEM,1597.72330544298,14.4338328065343,32.9363338278363,36.1798481434177,493.933594648645,57.0969385876371,15.3840169950019,26.8644945920264,55.5203757524917,FREE,,19.5247948127474,Train,jam%magazine%salt%cleaner%cocoa%milk%beer
State128,DICTATORSHIP,2636.194784042,15.4257669804547,34.0151247296039,37.5764567476099,496.576825743052,58.3189205562677,12.8014966695312,25.7599110006441,51.6423079608723,FREE,,22.5685377601678,Train,cider%wine%chocolate%flour%jam%coffee%cleaner%butter%biscuits
State129,STABLE DEM,3002.00934433315,16.5713783247096,,39.1669365010235,496.916679464414,55.9488030480905,12.7081054948098,20.8222603529769,60.5843001220872,INSURANCE,4856.88117634896,15.7098864133636,Train,cider%salt%dressings%beef%chicken%crackers%fuit%wine%vegetables%detergent
State130,STABLE DEM,5003.02133724305,,,33.8219616944503,508.734939282321,,,22.8009308467909,55.9755944678373,INSURANCE,5471.24583776363,20.0966562677612,Test,crisps%vegetables%rolls%detergent%salads%cheese%jam%sauces
State131,,,,,,500.516817988812,,,-99,,INSURANCE,5151.81443113392,17.154201704762,Train,pork%salt%cheese%butter%crisps%jam%magazine%chicken%salads%condiments%rolls
State132,STABLE DEM,637.135049433013,,,43.0000251757488,500.098452030653,,14.6126536999127,25.118008962113,,FREE,,23.0864999686818,Train,bread%detergent%rolls%sauces%salads%flour%dressings
State133,STABLE DEM,4137.08909117271,13.2089978994635,,,,54.6159210757314,15.0943203123472,24.7383102136579,,INSURANCE,5014.97327585155,22.3926555146108,Test,vegetables%cider%cheese%dressings%flour%detergent%stationery
State134,STABLE DEM,,12.0769328278914,31.5404854053937,35.4861730397992,,,15.1493473991135,23.8676447214583,59.965487973877,INSURANCE,4894.44686205244,21.9527341636591,Train,chocolate%vegetables%condiments%coffee%butter%salads
State135,STABLE DEM,2097.08152141,13.6276546450719,,37.3188135500819,491.598318358631,58.6769955739384,14.2835074211555,21.3016163894914,62.5181735501636,INSURANCE,4877.56096943226,11.8219830864036,Train,cheese%crackers%sauces%biscuits%cleaner%pork%jam%fuit%rolls%flour
State136,STABLE DEM,3479.37959070953,14.9820474646665,,33.0829062114997,499.681364595711,47.5305546910968,11.9832725943968,23.9601865244447,64.8168143319223,INSURANCE,4956.27548876173,15.0152783732028,Train,bread%fuit%sugar%crackers%wine%tea
State137,STABLE DEM,4892.15145259916,,36.9131136079251,41.8051884761066,513.280300915337,57.5820531931616,13.5604633713639,,,FREE,,28.7037108380578,Train,wine%flour%jam%butter%beer%sauces%bread%lamb
State138,STABLE DEM,,,32.2332227100303,38.8732029937222,513.100049870014,53.2270085545422,14.8386490187717,27.8553138778223,,INSURANCE,5147.51241714431,31.7761505800642,Train,magazine%cider%rolls%beef%beer%vegetables
State139,OTHER,,,31.2668482692491,37.7760658172937,504.691503677135,52.0680089182047,,22.8399551454415,64.9779156072122,PRIVATE,15097.0544627999,17.1430045165596,Train,rolls%pork%coffee%beer%chocolate%cheese%sauces%bread
State140,DICTATORSHIP,,15.7662365200546,,38.8273621807836,,54.7950999083258,14.8878554196797,,64.3021335103001,INSURANCE,4913.22792159017,22.0484494119377,Train,cheese%butter%cleaner%stationery%dressings%crisps%beer%flour%milk%lamb
State141,STABLE DEM,1390.83835149622,13.9717930277222,,36.2692091939562,491.57712994413,52.495127153321,14.0900022937345,23.0413957169905,60.3482058493212,PRIVATE,14990.3718342543,12.5558888139501,Test,butter%cordial%bread%dressings
State142,UNSTABLE DEM,2097.29540971652,18.6168190327759,39.1587083921083,39.1068427735205,487.142441867184,53.6239007340187,14.3054229336473,25.0679223987876,-99,INSURANCE,4821.77576319687,16.3732863835197,Train,coffee%sauces%crisps%condiments%bread%cocoa
State143,UNSTABLE DEM,1845.47124733912,16.0200938712612,32.2051534039443,36.0871891851809,493.80963034611,50.6044123768667,13.5649610624734,23.1667330024161,62.2909403055494,INSURANCE,5164.72937976861,12.8530666608436,Train,crackers%chocolate%detergent%cordial
State144,UNSTABLE DEM,901.757312602993,16.6599510038129,33.6046780929032,38.4625486051335,494.625879240527,59.4694043643046,14.5301731734503,22.7170768794546,-99,INSURANCE,4740.74627161079,17.2427470798651,Test,milk%salads%crackers%cider%pork%salt%cordial%lamb
State145,STABLE DEM,2281.99368020081,13.7331589793969,,39.5380586806476,487.032220790165,52.9977412807538,11.9581152696979,20.3213030664707,62.4204603622355,INSURANCE,4925.53658761447,9.18776968909966,Train,salt%tea%cider%crisps
State146,STABLE DEM,2515.4762674246,,,39.2579151329139,,49.1269176015578,,21.671695529295,62.7521272319452,INSURANCE,5049.60738435752,20.7255709681835,Test,condiments%salt%salads%sugar
State147,UNSTABLE DEM,1401.16251657235,17.2140834447366,37.0980648308218,39.3599036925001,476.128496997033,54.9451252271263,12.6920044311333,24.2604512295918,57.0944508183474,INSURANCE,5042.01263127604,9.6067182405313,Train,cleaner%soft drink%beef%cocoa%wine%biscuits%chicken%sauces
State148,UNSTABLE DEM,,10.8032648952378,,37.6262715897087,502.845030446585,,,24.9494505953804,60.0643719832853,INSURANCE,5162.50301511562,21.0050685978464,Train,tea%chicken%milk%bread%flour
State149,STABLE DEM,2165.61198462892,14.1862753786702,,39.8813707018242,483.392107310509,57.1299302119879,15.2190056338946,24.3598321302369,62.2738960418325,INSURANCE,5095.29702285618,13.7250992377919,Train,lamb%bread%chocolate%milk%pork%rolls%wine%cider%cordial%crisps%sauces
State150,STABLE DEM,1279.56340931003,18.0783193420778,37.2740786719128,36.5085557854854,494.089142855133,56.8974366542755,11.9651480147517,21.6870411183947,62.852071615752,INSURANCE,5305.88115025024,12.3432886352013,Train,dressings%beef%milk%cleaner%sauces%wine
State151,--,,-99,38.3218046671317,41.8368527828098,504.59704851445,57.020268814276,,,61.1518784354801,INSURANCE,4964.38018020754,18.0491464730932,Train,crisps%rolls%cider%magazine%soft drink%beer%vegetables%sugar%dressings%condiments
State152,UNSTABLE DEM,3981.18673397574,15.870702008146,,41.6931531089421,487.126583700537,56.9999839330644,14.7039973589389,23.7005600694727,63.8281552478345,FREE,,12.8093939297626,Train,cleaner%bread%chocolate%crisps%wine%jam%magazine%vegetables%flour%stationery%salads
State153,OTHER,,,32.6534791416806,38.4247641481474,506.510607353458,,13.0780165238864,18.9959803235398,54.3945333926311,INSURANCE,5478.8715266213,19.3441595690111,Train,soft drink%dressings%bread%detergent%magazine%beef%cleaner%coffee%cheese%wine
State154,UNSTABLE DEM,,15.6193033540245,,-99,502.455153316184,52.746361771254,,-99,-99,FREE,,19.7375545727519,Test,biscuits%salads%cocoa%cider%stationery
State155,STABLE DEM,1556.41159772634,15.41078042847,,,,56.5858248381564,13.9422500174141,24.123514893166,,INSURANCE,4902.74715702847,24.5355927805776,Train,butter%flour%detergent%magazine%cleaner%beer%pork%tea
State156,UNSTABLE DEM,3047.58429099099,14.0552712275968,34.6569082269022,35.6615070797665,499.381823244833,54.0930531854084,16.1721027702285,28.4609362972285,61.1717241716213,INSURANCE,4917.54606337715,21.5265666810806,Test,soft drink%flour%cheese%stationery%milk%salads%condiments%crackers%lamb
State157,DICTATORSHIP,3117.64244918309,,,42.7813990925481,510.669845393146,54.9731711573911,15.973983805781,,,INSURANCE,5076.53853134473,28.101186766089,Test,magazine%detergent%chicken%vegetables%cheese%sauces%butter%wine%dressings
State158,,,,,,,53.5088528735818,,-99,,FREE,,18.696923661229,Train,cider%coffee%fuit%salads%crisps%magazine%vegetables%cocoa
State159,DICTATORSHIP,8142.33557492785,11.8925919235417,,35.1891030673644,499.988740306957,61.6808287255439,16.9788158416675,20.9538592436762,60.8396491601629,INSURANCE,4965.7470694925,13.4394338088768,Test,beef%beer%condiments%soft drink%dressings%flour%butter%chocolate%cheese%coffee%vegetables
State160,STABLE DEM,4239.06161912077,13.6947401234324,35.5570512752947,38.9430518445806,499.801895639162,48.1651028016835,15.1906155034363,27.3974507799509,61.9301203529448,INSURANCE,4747.05892570647,21.9042705054513,Test,cheese%detergent%stationery%chocolate%cleaner%biscuits
State161,STABLE DEM,1967.61944291875,16.2499949156873,35.0280839529327,41.9057464749464,491.631856476981,56.1159014800298,11.8321169615736,21.1771369057421,58.6795885718919,PRIVATE,14835.0136782366,15.1164531110455,Train,biscuits%detergent%pork%stationery%cocoa%lamb%cordial%beer%cider
State162,--,,-99,33.6983877826287,,501.6462320207,,,23.0726423144111,54.5661061547852,INSURANCE,4786.89458192374,21.6208651417544,Test,stationery%cheese%jam%milk%crisps%condiments
State163,UNSTABLE DEM,4825.579588938,19.8746886171196,,,519.202547810174,57.7020918707252,,,64.2955719715965,PRIVATE,15098.7793414847,24.3547658611066,Train,pork%beef%magazine%flour%cordial
State164,UNSTABLE DEM,,18.4705913404769,,43.0171529523509,507.095708662669,,,20.7851906532956,65.5021691920974,FREE,,18.5510614090281,Test,cocoa%rolls%cleaner%cheese%tea%coffee%pork%beer%chocolate
State165,UNSTABLE DEM,3946.88720344059,14.5225145822595,38.2781909506208,43.6628451943724,494.929938563118,61.5868998505668,13.8998716349555,18.8621050300665,-99,INSURANCE,4791.10425209616,15.3160355105927,Train,biscuits%soft drink%detergent%wine
State166,UNSTABLE DEM,2251.15472262238,14.7488179593953,,38.0566636453138,486.110195501784,53.7507964733153,11.0049863567327,21.1724793871098,61.8221514660475,INSURANCE,4973.75300287968,10.5651694417263,Train,detergent%vegetables%crisps%cocoa%cleaner
State167,DICTATORSHIP,249.468702833371,13.0904173767213,,38.6873062130932,495.069430074858,53.8148528393621,14.144462163785,24.8951147831887,64.0461653594732,INSURANCE,4941.40375970877,17.2930275401453,Train,butter%stationery%salt%soft drink%milk%wine%salads%biscuits
State168,STABLE DEM,1525.18348134016,12.6428911523014,32.5895175484198,39.6796584002492,497.080138381905,55.3938844175518,15.7161631886646,23.18769401591,61.3128763493642,INSURANCE,5062.56018253346,17.8135692524499,Train,beef%cordial%detergent%cocoa%sugar%vegetables
State169,UNSTABLE DEM,5390.52649529593,16.1237290532,35.5964770685995,40.819341561408,483.098809823773,55.1444530290924,14.016576688728,26.8836699556432,59.5936675651667,INSURANCE,5430.38208337117,15.9638309189522,Test,stationery%dressings%crackers%rolls%butter
State170,STABLE DEM,3782.85899544688,16.0147814410937,,39.5622874220072,494.401034716653,53.9007887033042,14.3037905898976,23.9769842400255,61.1248185000437,PRIVATE,15267.4316011829,17.5758720927777,Train,sugar%crackers%cocoa%cheese%tea%stationery%chicken%cleaner
State171,UNSTABLE DEM,2210.63112810754,13.294206942489,33.8186255348415,39.1509077722816,490.064939578715,52.1912904052288,13.1088829435614,20.6624206378079,56.4877005797605,INSURANCE,5115.17592952616,13.697608885715,Test,cordial%bread%beer%jam%dressings%cleaner
State172,OTHER,4986.8627221075,,35.5477838100788,-99,,58.6767182878811,16.4019550234374,-99,-99,INSURANCE,4730.92699646173,20.3334674513153,Train,milk%cider%jam%vegetables%coffee
State173,STABLE DEM,2650.89088312088,13.4043442259628,,39.6993233987959,498.410110752231,59.6796876209444,12.6315577094653,19.9631341354875,58.6200442883168,INSURANCE,5104.15001574524,15.6758417011718,Test,coffee%chocolate%chicken%lamb%bread%detergent%sauces%crackers
State174,STABLE DEM,4629.21964326844,18.2202232468214,,41.491890264414,496.114511444174,17.4559151533094,13.222602713561,22.5160112336957,42.5886553141933,FREE,,23.066342713538,Train,beef%magazine%cheese%flour%stationery%milk%cocoa%detergent%rolls
State175,UNSTABLE DEM,3217.58345179416,14.9168080956331,,38.9697167828559,489.059045475093,57.6826980771387,14.6428317741497,23.9660935196885,61.2444230516841,PRIVATE,14759.0097844056,12.557521737358,Train,biscuits%milk%crackers%salads%cordial%soft drink%pork
State176,STABLE DEM,1763.45869110677,16.0725463784155,,35.5771398538995,496.110789126442,51.5585388955364,13.4340367052525,22.7447588525829,59.7716063159819,INSURANCE,5040.75055020103,14.6064585008585,Train,milk%chocolate%cleaner%crackers
State177,STABLE DEM,3695.18188359974,18.6582143975997,33.8515315744497,44.3695710556592,498.177741831497,63.0807141427155,11.6160912441054,16.4566630693577,60.6837906203897,INSURANCE,5322.25265057127,13.4683835175596,Train,dressings%magazine%vegetables%cider%beer%tea%chocolate%coffee%milk%jam
State178,UNSTABLE DEM,4712.27816755451,14.5954972203495,,40.6446623503733,493.49037919405,53.9665898710339,13.3919439706005,22.0209843032603,55.9534590547383,INSURANCE,5042.16110962759,16.9021589922587,Train,cheese%milk%crackers%jam%beer%salt
State179,UNSTABLE DEM,4729.42286976413,16.6558932041219,32.4173959527533,40.4135995336892,499.174713681328,55.965762026778,11.2870124724917,15.4269843436301,59.8843454090839,INSURANCE,4813.86434814305,10.2393590115915,Train,crisps%chicken%cider%stationery%pork%chocolate%crackers
State180,DICTATORSHIP,1248.29206116163,17.7855610220318,36.5774416747849,40.2013742938204,488.395798394833,54.3230493699504,12.3340770879049,23.6381047874061,58.8733353170551,FREE,,14.9551565107079,Test,cocoa%milk%magazine%rolls%jam%biscuits%wine
State181,UNSTABLE DEM,2021.9343566849,16.4047210072763,,36.1567879278266,,,12.0613311179543,,-99,INSURANCE,5080.06897377945,16.3007454676105,Train,rolls%chocolate%detergent%stationery
State182,UNSTABLE DEM,5558.99498676225,11.0481993871105,,36.4612913071262,498.027298206507,19.2004721203567,12.3584261283338,21.1115042654626,32.6895869451493,INSURANCE,5003.85488151553,23.7069545600522,Test,cordial%butter%cider%cheese%crisps%chocolate%cocoa%detergent
State183,DICTATORSHIP,4350.7658040082,15.4804477893379,34.7904521352605,41.715175817079,,,13.5709758588232,,60.5452285315917,INSURANCE,4815.65791439454,21.9623636555454,Train,sauces%coffee%tea%detergent%sugar
State184,UNSTABLE DEM,3943.51378145704,14.634161376835,,41.2956744846962,,,16.1401823398027,,60.3442318423048,INSURANCE,5409.60300440914,22.0777045808407,Test,stationery%cocoa%tea%cordial%dressings%cheese
State185,STABLE DEM,3451.78937500284,,34.1729450538599,,505.456051839616,53.265826386021,11.5666645155778,19.8884526188229,,INSURANCE,4919.57613493733,15.6932487626206,Train,milk%cider%biscuits%crackers
State186,UNSTABLE DEM,,,,37.1982319509601,500.573558027788,47.826055439566,,25.6693804753215,60.2370721823248,PRIVATE,14628.0963084668,20.5528458087426,Train,sugar%chocolate%biscuits%pork%detergent%cocoa
State187,UNSTABLE DEM,1221.60671004201,15.9283686847524,,40.0716357243419,476.702399841125,15.2158344389063,11.7349705782664,20.5016606436753,-99,PRIVATE,15304.0879818345,13.1217582683495,Train,lamb%milk%soft drink%rolls%biscuits%salt%detergent%wine%sugar%salads
State188,UNSTABLE DEM,,12.4160867581128,,,510.746796320987,,14.792947532947,23.388093607149,55.3026537189793,FREE,,24.7185656203285,Test,lamb%cleaner%biscuits%jam%cider%cocoa%soft drink%chocolate%beef%butter
State189,UNSTABLE DEM,4602.49188515081,14.8165203896878,36.0632418178438,,502.737159976553,,16.5192273735559,28.0525503332075,,FREE,,26.6227483096792,Train,salads%beer%beef%stationery%cocoa%flour%wine%soft drink
State190,STABLE DEM,3184.61641568164,13.5117652728477,32.0484113766719,37.6042305959826,494.577148393768,56.1179197266817,12.7350057807359,19.6777353728324,61.7924136973277,INSURANCE,4929.20129570004,10.778647619388,Train,stationery%sauces%chocolate%soft drink%lamb%cheese%butter%tea
State191,UNSTABLE DEM,5122.49538251528,15.7549222115069,,,,51.021829390198,,25.148683417593,59.6126586286794,INSURANCE,5252.7361804613,24.6924565483444,Train,biscuits%cordial%butter%dressings%sugar%detergent%vegetables
State192,STABLE DEM,2301.71164029543,17.3250147488366,34.0294043381886,41.6308955562511,492.989865850498,54.3009106144678,13.2488141566208,24.6380349736902,64.2243478801155,INSURANCE,4992.16164606931,18.7542229308943,Train,condiments%pork%chicken%cheese%dressings%salads%fuit%milk%beef%bread
State193,UNSTABLE DEM,1967.84532728731,16.2954460968908,,42.2875252351186,486.018866513196,59.1720237385529,15.9399255255212,26.0393446241856,57.1715166638881,INSURANCE,5160.13020680131,18.2829250306919,Test,coffee%cheese%wine%fuit%rolls%crisps%jam%chocolate%dressings%beef%sauces
State194,DICTATORSHIP,5226.96316718159,12.2460881305112,,41.1550018678354,499.269510297984,55.6976519238539,14.8596979965855,24.4414639691381,55.0008089947783,PRIVATE,14562.3502535852,23.0378399721892,Train,salt%cleaner%crackers%beer%cheese%flour%chicken
State195,DICTATORSHIP,1157.77001169541,,34.6675650039945,,504.18352148526,57.5451050742433,13.7390841047369,,58.1643722064195,INSURANCE,5040.20170001267,24.7101458953852,Train,wine%butter%dressings%pork%crackers%flour%lamb
State196,STABLE DEM,2026.66310602112,16.1116842555056,,41.7738611064208,498.865308667362,51.7617242723965,13.6680612946649,22.9794539966056,62.824582728327,INSURANCE,4727.38083143503,18.1173359257491,Test,beef%chicken%crackers%jam%soft drink%crisps%fuit%cleaner%salads
State197,STABLE DEM,,13.7089218437548,29.2718701528255,,503.929739662104,,13.3139183839585,22.4119438899563,37.8346101898824,INSURANCE,4890.06834780789,26.1432857746424,Train,biscuits%crisps%tea%chicken
State198,DICTATORSHIP,2057.13409637364,12.6265151074993,,38.7027114566823,496.420711760718,61.8590295014737,13.2387041718063,16.6360840597245,62.0785938639616,FREE,,9.13830432754386,Test,magazine%crackers%pork%coffee
State199,STABLE DEM,1088.4422894606,14.7833631704411,36.3049000784138,41.6945296983229,492.882592215471,58.6603833798769,15.0610120761445,25.8942905541413,60.6594750906232,PRIVATE,15037.6565764048,20.2787297460069,Train,butter%coffee%beer%pork%tea%wine%crackers
State200,OTHER,2576.14601077296,,,37.0877643462214,507.52979959194,,13.7393829688228,,39.1881385666815,PRIVATE,15253.5290467559,27.4612984480684,Test,lamb%butter%sugar%beef%coffee%soft drink%crackers%cordial%rolls
State201,STABLE DEM,3161.38319202363,15.1404245257628,,34.4793795245261,502.538275182971,,15.048911241808,,,INSURANCE,5155.28054199215,31.1113412240527,Train,fuit%sauces%tea%cleaner%coffee
State202,UNSTABLE DEM,138.804875090686,12.6842435555899,34.1523778089976,,512.414871407894,61.1952692236578,17.5369412636898,,,INSURANCE,4694.60551326325,23.4102094603777,Train,butter%flour%cheese%chicken%cleaner%fuit%sugar%bread%vegetables
State203,OTHER,1171.7796333682,,,,,53.8330245279717,13.9983515069827,22.4025279614462,55.0751978477218,INSURANCE,5100.50125739886,20.6021193765352,Test,pork%cleaner%chicken%detergent%dressings%milk%crisps%tea%jam%rolls%sugar
State204,UNSTABLE DEM,2644.71032703945,18.2688505625858,,45.4452628374134,501.163708656324,55.872012258892,,,,INSURANCE,5232.37169004886,23.6096514517184,Test,rolls%beer%coffee%detergent
State205,--,,,30.5463350947588,,508.945309505983,51.7565892192816,,26.8185838342835,59.2093316750792,INSURANCE,4886.02937468255,24.2689061399443,Train,dressings%sauces%beer%chocolate%cider%crisps%rolls%tea
State206,OTHER,,12.2247901045194,31.0491465127501,39.1840371649092,,62.7107599221073,15.7365950860466,,58.9153133172171,INSURANCE,5037.40322530225,19.8684810446274,Train,detergent%salads%chicken%cocoa%stationery%cheese%flour%milk%dressings%coffee%jam
State207,STABLE DEM,1204.17925906934,13.2306001586115,,36.3256740607952,491.566435784896,52.3391382204128,12.7683930918156,20.6100200472124,58.8387461552468,INSURANCE,5166.3647140028,10.9136769164389,Train,cleaner%salads%milk%jam%pork%flour%chicken%dressings%cider%stationery
State208,UNSTABLE DEM,3113.08371835382,16.1132086349657,34.3921671375625,,506.834365177611,,11.3629590462151,,-99,FREE,,17.8735001757853,Train,coffee%cider%chocolate%chicken%magazine%wine%bread%cheese%beef%rolls%tea
State209,OTHER,1928.53786901192,16.7996719479614,,,500.187502933375,60.454333412696,,,59.0287685065156,INSURANCE,5201.49179005947,19.8704723549841,Train,bread%sauces%vegetables%rolls%magazine
State210,UNSTABLE DEM,2839.89321364095,14.9599488638929,,35.1419402681891,492.785538252142,58.6996014513774,14.1548852333578,22.6365689748044,56.2760287311105,FREE,,14.0463885449421,Train,stationery%sugar%beer%magazine%sauces%soft drink%cleaner%rolls%cocoa%lamb
State211,STABLE DEM,1604.95456116876,14.0813318734244,,38.4269325167052,498.546058194363,56.7028275048793,11.5321026454856,20.160602953015,55.854296345929,INSURANCE,4798.99527500176,16.4208839022528,Train,fuit%cleaner%salt%cider%wine%butter%beer%flour%milk%rolls%detergent
State212,UNSTABLE DEM,2040.53777373747,,,39.7133454514793,506.938628026574,54.1593917211638,,,61.990976855788,PRIVATE,14967.3562183959,21.826069153783,Train,wine%sauces%flour%sugar%stationery%biscuits%soft drink%cocoa
State213,UNSTABLE DEM,1594.44308054913,17.1790018343208,34.0145288989967,,518.253482815768,49.3527349991676,,19.3605276056108,,FREE,,18.7894626875589,Test,jam%soft drink%lamb%cleaner%condiments%pork%crisps%beer%magazine%beef%vegetables
State214,UNSTABLE DEM,2691.19559177795,12.9185400680516,,39.1304737274609,497.312097609003,55.2479108703462,15.3611400815456,25.3287950298428,53.7265996116092,INSURANCE,4792.57195235769,23.2398473494128,Train,tea%magazine%stationery%salads%beer%sauces%lamb%vegetables%coffee
State215,UNSTABLE DEM,3772.33637570175,13.2134820045314,35.428347678386,40.5366343006243,496.114874312138,56.266750841112,13.6914973903166,25.3737076040222,53.1315207557191,INSURANCE,5015.40693388185,20.9165413303135,Train,pork%biscuits%sugar%bread%rolls
State216,UNSTABLE DEM,,12.5194874562098,30.0750203301481,40.5239527350959,515.20876947322,,,20.4620977162507,-99,INSURANCE,5172.23379183681,25.6925212207315,Train,rolls%lamb%dressings%chocolate%magazine%pork
State217,STABLE DEM,,,33.0461168038882,35.0739452291383,,51.6369924467724,13.9740248572363,25.8139998574791,66.6767259661085,PRIVATE,14737.1060303367,19.8765529271492,Test,bread%dressings%crisps%butter%cordial%lamb%beer%jam%coffee%chocolate
State218,STABLE DEM,1227.33466196091,15.9591708887876,,39.1072192423028,492.126719921354,56.4964062721966,14.7337103940811,25.2981562125179,56.9836165655066,PRIVATE,15515.75073697,18.1411818070946,Train,soft drink%cordial%detergent%bread%wine%flour%lamb%crisps%magazine%cider%butter
State219,DICTATORSHIP,1270.13117972177,18.659443337819,37.7777046332745,43.0553822645781,493.789719117644,60.8165277065066,13.7064611058746,21.0131195717604,59.7270452495294,PRIVATE,15063.4129871393,17.046656293599,Test,rolls%lamb%crisps%coffee%beer
State220,STABLE DEM,2466.16844209063,13.4663408671999,28.6018425674256,,506.63766977777,,,17.2341712723591,57.4360908844042,FREE,,18.7366960738768,Train,magazine%wine%stationery%salads%rolls%sugar%dressings%bread%biscuits%condiments%cheese
State221,--,,-99,36.0982455027566,,511.068007991856,,,25.7585037611714,61.3805704022126,INSURANCE,4869.39619426331,27.2182270510017,Test,milk%salt%biscuits%cheese%dressings%magazine%wine%coffee
State222,STABLE DEM,5332.97500916973,17.9107392870768,33.2809537926283,,501.064565245982,55.3417108232732,,23.7497553062502,,INSURANCE,4721.93317699602,19.6594667350612,Train,tea%sauces%chocolate%wine
State223,UNSTABLE DEM,5642.30671407012,10.7793581401561,,36.8666606613326,499.452175997975,60.8767079702641,16.4589776274897,20.2598102286031,65.243582615264,PRIVATE,14459.0589105518,12.781607208406,Train,bread%cordial%chocolate%salt%jam%sugar%chicken%cider
State224,UNSTABLE DEM,1440.55679669777,16.3319777125642,38.4270242901789,39.7654947036263,507.269104581505,,,,61.8000890116678,INSURANCE,4923.24954532704,19.0445800580615,Train,pork%vegetables%cordial%cheese%sugar%flour%biscuits%magazine%chocolate
State225,STABLE DEM,4242.23248278058,16.1627954924042,,38.0641118123452,497.393644138569,55.2750406131505,13.274492986095,20.5094820780586,56.6751482920871,INSURANCE,4793.40259256982,16.7973079490421,Train,lamb%chocolate%sugar%beer%pork%vegetables%tea%fuit%dressings%bread%soft drink
State226,UNSTABLE DEM,4970.72200586145,15.0570793646593,33.5523095635879,39.5354798558645,495.220259258436,56.45099200185,12.246292274652,21.1918572220299,57.4301525970134,PRIVATE,14614.5900897179,14.4288076488232,Test,cordial%crisps%tea%wine%sugar%stationery%coffee
State227,STABLE DEM,1476.98788438827,15.962088189876,36.302241637599,39.6273933794179,481.619649944227,51.3446997607599,13.8362807003447,27.2487604604245,64.2781117175006,INSURANCE,4967.96371740352,13.4398145421007,Train,pork%vegetables%chocolate%flour%wine
State228,STABLE DEM,681.964508466792,16.4593766750666,37.7133528189329,42.723274960086,,63.9106089676635,,,63.3010621903976,INSURANCE,4691.14796950212,22.7171913175575,Train,beef%pork%condiments%chocolate%salt%magazine%butter%cordial%milk%fuit
State229,UNSTABLE DEM,1221.44659930696,11.866291259947,31.9794750041701,,509.327471706749,,14.8675586779013,,63.4103209691034,INSURANCE,5033.38618627521,17.0833231290513,Train,beer%condiments%chocolate%pork%fuit%cheese
State230,UNSTABLE DEM,1443.89087296669,14.1771090320265,33.5827517603552,36.7980669669398,486.61851617624,61.7674180645769,16.7515498853755,23.5667012773115,57.142647932177,INSURANCE,5181.15973698037,13.3176262788439,Test,rolls%milk%cleaner%wine%chocolate%pork%lamb
State231,UNSTABLE DEM,2867.25377072833,14.6171460030147,,34.2537090350084,497.56617003177,52.7230341988556,11.8142931265909,21.8377391777106,61.3940653026122,INSURANCE,4806.97216911242,13.882318979943,Test,soft drink%cocoa%cider%crackers%chocolate%cheese%detergent%fuit%salads
State232,OTHER,5510.38005294731,14.1072006165002,35.3115760736545,42.2012267875357,492.267009720154,57.8009156123655,15.2396828851115,21.2964973375636,62.1692077646541,INSURANCE,5287.32342714526,12.2489360533384,Train,fuit%cider%chocolate%wine%milk%cocoa%detergent%cordial%cheese
State233,UNSTABLE DEM,4388.04292588446,,,,505.415499306302,55.7302921448877,15.5159392518806,,61.8787092850487,INSURANCE,5242.79322160061,20.3574344374222,Train,milk%beef%rolls%vegetables
State234,DICTATORSHIP,5405.99397132155,17.3540327490409,,40.7472655432908,498.270467268642,58.7308984002467,12.7568777734977,19.0653518689082,61.8742647119503,INSURANCE,5047.50498173375,14.7339987666146,Train,beef%cordial%jam%cocoa
State235,UNSTABLE DEM,4814.48966421562,10.6887806827753,,36.9690103411772,498.825505347218,50.7702079854017,12.2595097462834,18.5852573071311,61.2659538255034,INSURANCE,5249.08893282237,12.747861187438,Train,rolls%condiments%pork%detergent%biscuits%cheese%chicken%cordial
State236,OTHER,3539.95109812435,14.3920891921434,,41.1651415222693,487.572753451923,56.7660632817246,15.1618792469247,26.9545027953736,56.8211641811929,INSURANCE,4971.76729718986,20.4145137082025,Train,cheese%sauces%butter%biscuits
State237,STABLE DEM,4909.81031005251,12.3912506240767,35.7295267294707,39.1125568784205,492.354488298183,58.3259654537468,16.0043077646654,22.0777058024607,62.5293506830079,INSURANCE,4866.3650649251,13.1646629905375,Train,fuit%tea%soft drink%cleaner%pork%condiments
State238,UNSTABLE DEM,1524.15174887793,14.793810730901,,38.1204192370264,498.782763842434,59.2978671653264,14.1082585874656,25.0551610034092,52.0694197976674,INSURANCE,5353.15816731522,20.9356391455724,Train,dressings%beef%soft drink%jam%detergent%fuit%lamb%pork%beer%salt%cordial
State239,UNSTABLE DEM,,11.6700240635738,28.2710301097238,36.9819771696121,520.071409519311,51.3946266425291,14.7869676639483,,,INSURANCE,4966.5715394947,29.9475360964886,Train,beer%sauces%salads%crisps%lamb%milk%vegetables%cocoa%bread%cleaner%chicken
State240,UNSTABLE DEM,2155.64042146797,,,42.2619691293013,513.669946874329,53.6907645428484,,19.755904390302,,INSURANCE,5235.31864077087,24.0642423839377,Test,salads%beef%sugar%beer
State241,UNSTABLE DEM,2337.78184707953,15.6392451393767,,39.0877932286333,482.9697322138,53.546145007308,14.8710862929807,25.6747950104119,-99,FREE,,15.5341280397021,Train,jam%salt%tea%chicken%magazine%cleaner%cordial%salads
State242,UNSTABLE DEM,1613.79167408191,,34.3542465202158,40.0485977096305,510.55207622547,62.2050595545409,15.7125658724319,,,INSURANCE,4995.47886683927,24.4806948682688,Train,beer%flour%soft drink%stationery%sugar%crackers%lamb
State243,STABLE DEM,,,,41.3018999896932,512.594306319308,58.2420853282391,13.3985893852587,,60.4252925166401,FREE,,22.7025455295053,Train,chocolate%cocoa%salt%detergent%condiments%lamb%flour%tea
State244,STABLE DEM,3425.44012110779,,,,509.630407341017,60.0711907568226,14.6476510113979,,57.8800281449345,FREE,,23.9971971245672,Train,salads%beer%butter%bread%cordial%condiments%fuit%lamb%tea%detergent
State245,UNSTABLE DEM,4660.0966532996,17.6275681761809,36.8804303671581,43.7458044775053,489.490635220231,60.9602642111278,13.0760492238833,22.6310076782683,-99,FREE,,15.4524286517087,Train,beef%pork%magazine%fuit
State246,STABLE DEM,3916.55737368269,11.8178658891357,32.6753017111434,37.5308865504156,496.297467474512,57.7220075964934,18.2333460707067,29.0477074004891,59.6808744157346,FREE,,23.3435275122244,Test,stationery%cleaner%soft drink%pork%chicken%condiments%crisps%butter%jam%sauces
State247,UNSTABLE DEM,3264.20916241371,13.4628095410523,35.3515976485351,43.0554059823113,490.660154053198,49.335746482748,13.8968072123158,21.0065978502586,61.9882429192377,INSURANCE,4701.51526579348,13.1625554343214,Test,bread%cider%crackers%wine%chocolate%lamb%condiments%fuit%cheese%rolls%chicken
State248,UNSTABLE DEM,341.810919551376,15.7912570050085,,35.961448579692,490.788314461494,56.0834977310383,13.9155098855609,25.9054669635996,56.7241063048632,INSURANCE,4987.91786316519,17.8395617361917,Test,beer%cheese%beef%cocoa
State249,STABLE DEM,4449.10299249977,16.3186426963663,,41.132024915331,499.312190982758,54.9482512978028,12.6465505094605,23.4754879725332,59.0918423791082,PRIVATE,15065.6336172928,18.7360354451155,Train,milk%crisps%jam%cordial%salads
State250,UNSTABLE DEM,,12.0622592401916,,36.9903697738683,513.377118415382,,14.1485672796571,24.1253529060516,,PRIVATE,15228.7918216816,32.547319138503,Test,rolls%detergent%crackers%stationery%crisps%cocoa%cider%sauces
State251,STABLE DEM,1115.0500606774,,,39.0601478740811,,52.4469373626296,,20.6046425284923,64.2659428114184,INSURANCE,4865.75119706646,17.1552769857415,Train,pork%bread%salads%stationery
State252,DICTATORSHIP,4131.68210075991,13.4756508452662,,33.705001269598,499.912745185096,55.3340776756436,15.4015797771305,23.4454045280788,58.732142816502,INSURANCE,5335.18235906812,18.6065866267363,Train,jam%magazine%coffee%cheese%wine%beef%chocolate%sauces%salads%vegetables
State253,UNSTABLE DEM,6018.94010003098,15.0615161593908,,38.1060436989476,498.161828195613,56.9417431789743,13.7558831196387,23.1793844654489,-99,INSURANCE,5028.93177341262,19.6728508605033,Train,salads%cordial%condiments%sugar%cider%dressings
State254,STABLE DEM,316.499777339728,14.5281407123084,,39.7225227790524,488.879187338403,50.9291560977258,15.7005252173284,27.8244545853741,62.4507123084005,INSURANCE,4790.60707731413,18.6227246998906,Train,biscuits%cider%pork%tea
State255,OTHER,,14.2563508069874,,40.0735806778395,,54.9821273974734,14.1215053098657,23.4395572034082,,INSURANCE,4980.27321972449,27.8950673795656,Train,cocoa%tea%butter%fuit%crisps%wine
State256,DICTATORSHIP,1141.80883098088,17.5768415799083,39.3548832967227,38.6469158194755,486.219477908145,53.5116699218375,15.1534704105061,25.2548779274496,62.8427713280356,INSURANCE,4748.88602184355,13.7611240376334,Test,lamb%vegetables%cleaner%butter%stationery%chicken%cocoa%tea%bread%magazine%biscuits
State257,STABLE DEM,,,,38.862397354699,503.294804877326,60.989904454284,,27.4376321055828,61.1330383110354,INSURANCE,4895.0424943811,25.0451397354181,Train,sauces%coffee%dressings%lamb%salt%milk
State258,STABLE DEM,577.866590650046,17.3842891911623,,36.402810949723,486.404028334093,51.7318959767039,12.5810406897818,25.5615312196041,58.6122166793032,INSURANCE,4764.54264047036,14.9842062949269,Test,bread%salads%butter%pork%coffee%rolls%beef%cordial
State259,STABLE DEM,5619.76011485701,13.5419627557674,34.3932839900764,37.9387901902011,488.733814250586,56.1674184868278,12.1610877967883,18.6272304395084,58.3434131552405,FREE,,10.490765724191,Test,crackers%stationery%cordial%cocoa%coffee%rolls%condiments%jam%pork
State260,OTHER,795.546591508055,15.2973794179067,,38.5206332836725,497.228177226805,54.31569596507,13.7746515684837,22.6836240361953,61.8330400368061,INSURANCE,4982.66018028539,16.3308873478844,Train,salads%biscuits%magazine%wine%chocolate%cleaner%tea%vegetables
State261,STABLE DEM,221.669736818856,,33.358801733001,36.7726907011214,,54.0601053586985,,24.399230699739,61.1108469155635,PRIVATE,14979.1414528487,20.6473436119212,Test,biscuits%beer%salads%condiments%crisps%lamb%beef%wine%salt%coffee
State262,UNSTABLE DEM,124.336119019484,16.5335211081907,,38.6065360224413,491.158883356053,54.2450564992367,14.3542587820719,23.9039606068212,-99,FREE,,12.6892987551914,Train,coffee%tea%detergent%jam%cordial%stationery%flour%lamb%chicken
State263,UNSTABLE DEM,1902.00345741727,15.7141097146315,32.6403460179105,33.7804382203913,,,,19.5909903775511,59.357008932684,INSURANCE,4518.33268646521,18.0594584174739,Train,salads%coffee%cleaner%sugar%pork
State264,UNSTABLE DEM,3657.61908841124,14.4227388250283,,36.9504914632987,,,,23.4307061515484,58.8426963566384,PRIVATE,14808.9049888893,20.5327277777677,Train,condiments%stationery%crackers%crisps%salt%cocoa%biscuits%vegetables
State265,OTHER,4497.10029368553,,,,,55.4867674870357,13.472692611804,21.6199977779704,63.92488294655,INSURANCE,4878.76555237164,20.7020122618632,Test,dressings%cheese%soft drink%sugar%cider%chocolate%lamb%flour%magazine%beer
State266,STABLE DEM,2562.68575977315,,,38.7730509534644,509.424551462245,,,22.2143544512942,60.1391744043078,INSURANCE,4838.69294609646,21.0338080169311,Train,salt%lamb%tea%jam%crackers%chocolate
State267,STABLE DEM,5786.75010597193,12.9182707946555,,36.9249659268211,489.99454748289,51.6945384323011,14.048187816135,24.5013504624638,60.8054617700839,PRIVATE,14925.8903667375,14.8279622282162,Train,cider%beer%salads%salt%sauces%rolls%stationery%tea
State268,STABLE DEM,2699.62904904571,15.5774333298916,,41.4651986409004,493.898752123716,53.2405788024849,14.3719979689057,24.9784634679531,59.8909896677316,PRIVATE,14958.4407620942,19.3915143723903,Train,cocoa%cleaner%salads%beef
State269,UNSTABLE DEM,3672.51528387172,13.5086688310767,31.4188187813194,35.5781793950809,496.245068874384,21.7189265372725,14.1055063698047,22.5029995838112,33.3571378579671,PRIVATE,14767.2340283481,22.2061013317532,Train,jam%crackers%dressings%beef%butter%wine%salt%sugar%cocoa%detergent
State270,UNSTABLE DEM,3942.97923938632,,,,506.278345025399,62.584155163003,15.0277367400484,20.5390328563596,,INSURANCE,5220.99577614886,18.1734488184439,Train,bread%biscuits%soft drink%beef%milk%vegetables%flour
State271,STABLE DEM,1668.77111296896,14.8236893959718,,42.3698514706454,487.313331940867,63.102886415359,13.0416060216345,19.6043337925537,16,PRIVATE,14319.5430102995,12.9549785117783,Train,vegetables%crackers%rolls%sauces%flour%crisps
State272,UNSTABLE DEM,1550.74503297344,15.6782131253451,32.0391817829671,38.7681181140566,483.964859237937,58.6345870555692,11.535364926804,20.5330195282339,56.3002048810894,INSURANCE,4999.2711633433,9.89014592985224,Test,cider%fuit%lamb%cocoa%soft drink%cheese%flour%vegetables
State273,UNSTABLE DEM,,15.1749156732675,34.9462304085858,40.9931176066259,506.706556852866,,13.5139681171227,,63.2200462192288,PRIVATE,14788.5584602573,16.6420082440839,Train,magazine%condiments%salads%biscuits%soft drink
State274,STABLE DEM,,,,,509.873766893276,50.755467165032,12.6113684412368,24.8362560397159,57.7126918129791,PRIVATE,15040.9762087727,25.4401989587204,Test,fuit%beer%flour%jam%stationery
State275,STABLE DEM,2881.25752750851,15.9442564285678,33.0133263065109,36.1718559240555,495.295647756473,56.9306610406517,13.444077007904,19.7399613314838,61.3689539201412,INSURANCE,5069.52877865267,13.0465499637061,Train,crisps%salt%fuit%cocoa%flour
State276,UNSTABLE DEM,4893.00350668758,,,42.0753030958975,,54.977983240994,,24.8908963152475,55.8459935969375,INSURANCE,4734.90172340513,25.2394352053984,Train,wine%cheese%pork%chicken%chocolate%salt%milk%jam%detergent%cocoa
State277,STABLE DEM,2291.38904042745,10.0920575316315,33.1489350899471,43.1236317986647,497.959662606908,58.8190308841912,16.4579779614488,21.3122009196902,16,INSURANCE,5070.89444603138,20.6748015263359,Test,lamb%dressings%cider%chocolate%milk%vegetables%soft drink%beer%wine
State278,OTHER,,13.7227484101432,,41.5669070806823,506.421763646552,,14.7438737281223,21.2144573736024,,PRIVATE,14867.7803464486,19.8192217427257,Train,stationery%cordial%condiments%bread%sauces%cheese%vegetables
State279,UNSTABLE DEM,2396.47360910498,12.5786700377532,,,501.657468518717,,14.4284718933655,,-99,INSURANCE,4703.22519037946,18.4460322529736,Train,lamb%stationery%cocoa%rolls%salads%biscuits%crisps%vegetables%sauces
State280,UNSTABLE DEM,3323.80521709466,15.5509822119007,,39.6665177345506,499.839636458263,69.484464615686,14.7239528432894,20.6730046991379,55.6706755938642,INSURANCE,4941.56570631232,18.704003463138,Train,salads%beef%coffee%lamb%cider
State281,STABLE DEM,578.694970010697,17.601499406185,36.1250920362803,39.5232895097866,496.23718444684,56.2141784035063,10.7684236526036,21.7523452740764,57.3426135546067,INSURANCE,4923.25205322084,16.5880387920973,Train,butter%magazine%bread%cocoa%beef%salads%flour%tea%beer%sauces
State282,DICTATORSHIP,3460.34449768404,9.87021390657571,,40.059205728143,492.567072932866,52.8186815223847,15.0579654378961,23.1722923032124,62.837791045332,INSURANCE,4747.83252070759,17.1501416106304,Train,chocolate%cleaner%beer%vegetables%lamb%rolls%stationery%pork%butter%milk%chicken
State283,STABLE DEM,4222.7129200309,,,,507.921148357563,57.4507537275483,,28.9015791674494,57.5745217833173,PRIVATE,14810.8993673652,27.6223101318195,Test,dressings%cocoa%vegetables%jam%salads%detergent%milk%sauces%sugar%magazine%cordial
State284,UNSTABLE DEM,2747.33259289958,13.6775692863258,,,513.945598221966,56.5336471592831,13.2520181871104,,,FREE,,24.7265937572392,Train,butter%coffee%wine%cocoa%sugar%condiments%chocolate
State285,UNSTABLE DEM,3278.2655842817,17.2013497690746,,39.095301001643,497.721860676838,54.6635726734011,11.9448174467263,24.0813304051818,57.9724841981913,INSURANCE,5041.16375648839,19.8508147755425,Test,stationery%wine%coffee%pork%chocolate%cocoa
State286,UNSTABLE DEM,,15.8049729613954,34.8093355003246,37.8111184588356,,,12.0636394395225,21.425842858062,63.488537369196,PRIVATE,14725.503304151,22.0413943197164,Train,wine%rolls%jam%salads%magazine%cheese
State287,UNSTABLE DEM,3664.85511704519,15.3722790376127,,44.9237265078917,490.971353525422,53.8262907497218,12.1573915461293,19.6986741461689,61.1465563674107,FREE,,14.7074014893459,Train,salt%pork%milk%jam%sugar%dressings
State288,UNSTABLE DEM,,15.4740217014897,,38.191847313997,506.279175398431,,,20.61189250265,62.4862071580849,INSURANCE,4677.7701963582,18.1282128998189,Train,magazine%chicken%wine%condiments%butter%detergent%cleaner%sauces
State289,--,,-99,,41.4333379247091,,,,28.2258278227773,57.9657055560763,FREE,,29.4934931377449,Train,salads%vegetables%soft drink%sugar%cleaner
State290,DICTATORSHIP,4359.3186704372,12.5759702704914,33.2575950000135,34.6301136062255,486.047531450899,55.3810495346191,15.5190928975658,25.9440744289743,58.273145468764,FREE,,12.889010653779,Train,pork%soft drink%flour%cordial%lamb%salads%condiments%cocoa
State291,UNSTABLE DEM,861.937882597479,,,40.8147346762073,,64.3519355093863,,27.9960694265957,-99,FREE,,30.9492509417709,Train,milk%cheese%condiments%stationery
State292,UNSTABLE DEM,2138.8696934036,12.0851428340944,32.9183975122498,40.708101827316,491.399700889414,58.9553074047965,15.3018098197565,18.9473782602895,61.3983239635234,INSURANCE,4871.24012225759,11.0372333685731,Train,jam%lamb%chicken%crisps%sugar%beer%sauces%salt%flour
State293,UNSTABLE DEM,4796.5459874256,14.1290813098082,,,504.635419404605,,14.3278317195166,,64.0847225868082,PRIVATE,14453.0069521469,19.8658818222857,Train,flour%detergent%bread%milk%beef%crisps%vegetables%lamb%cordial%biscuits
State294,--,5346.63152806327,-99,,-99,504.682203223452,55.9267354234497,,-99,-99,INSURANCE,5284.90568968071,20.9469865521909,Train,cider%magazine%vegetables%biscuits%cocoa%dressings%condiments%chicken
State295,STABLE DEM,5941.76419931863,11.6786864655655,,,,54.585179656164,17.2718536414068,,59.9547345775707,PRIVATE,13961.9608452514,25.9192198642333,Test,cordial%condiments%cocoa%vegetables%coffee%fuit
State296,STABLE DEM,3002.78059566554,12.544515449733,36.0349010435691,,,58.3185350587458,16.6290266784253,,59.2307117155621,INSURANCE,4993.04559747979,20.5217132820786,Train,rolls%stationery%flour%pork%biscuits%salads%sugar%magazine%soft drink
State297,DICTATORSHIP,,14.2680517399138,33.418639502498,-99,506.154586659744,59.0775722377089,,-99,-99,INSURANCE,5193.65369066805,17.0636523779792,Train,rolls%milk%bread%salads%salt%detergent%magazine%beef%sauces%dressings
State298,UNSTABLE DEM,,19.6369083640429,,43.8773009239415,516.553632479531,63.4969841902797,,20.658685328231,,INSURANCE,4894.10405319238,23.875497108106,Train,cheese%vegetables%condiments%cordial%coffee%rolls%magazine%chocolate%tea%crackers%fuit
State299,STABLE DEM,2060.40700919199,10.1851850386712,29.6610231924892,35.9940647305719,483.210153808786,59.4245938979875,15.9674372664599,27.3246373435203,53.2835846933831,PRIVATE,14526.7524163737,17.1133864674915,Train,vegetables%crisps%cider%lamb
State300,UNSTABLE DEM,688.237143766313,10.9726905609846,,,,61.3742242351876,,20.5544680549189,57.8358118639449,INSURANCE,5100.53489190507,23.0046932206924,Train,chocolate%coffee%crackers%vegetables%condiments%sugar%soft drink%wine%jam%milk
State301,--,4527.51844690259,-99,34.3588208285856,,501.188788131014,55.2499845198089,,,60.5176689310773,FREE,,14.9189451903997,Test,pork%bread%beer%sugar%milk%condiments%fuit%butter%jam%rolls
State302,OTHER,1658.55843217183,15.9774280151749,,39.1336702263108,497.50459728411,59.4821061266089,14.7088024538257,22.5086041550933,57.9376802815075,INSURANCE,5126.47393365502,15.2012735812729,Test,detergent%cheese%tea%magazine%sauces%cocoa
State303,UNSTABLE DEM,1226.43980054272,15.0227526530704,,42.5592154057054,498.046310840076,57.3538710391702,13.9548226652177,19.5949326679633,63.2673370248181,INSURANCE,4942.15261298318,14.7017163830247,Train,crisps%jam%salt%tea%cheese%sugar%crackers
State304,STABLE DEM,,16.6107248861028,36.0625794207582,40.4192471673239,,57.5947959280746,14.4491427798709,,62.02958327838,INSURANCE,5126.64916107516,20.5897899953304,Train,beer%cleaner%detergent%wine%sauces%soft drink
State305,UNSTABLE DEM,3669.18714686104,16.4247576519322,,37.7610068042591,501.653407810933,,14.3255110167718,,,INSURANCE,4833.64778355707,21.2679639116611,Train,cleaner%cocoa%tea%fuit%chicken%rolls%salt%butter%detergent%soft drink
State306,UNSTABLE DEM,1503.43934594628,18.2257637420345,,34.7711832802299,494.236858324509,50.2468619400088,11.7359343109741,24.1024381304243,63.5865577633625,FREE,,15.1153043306199,Train,magazine%chocolate%condiments%jam%fuit%flour%sugar%pork%crackers%soft drink
State307,UNSTABLE DEM,4333.15947173091,16.5497715011355,,39.224882752895,479.548718242622,56.0186461874497,15.492517619846,27.2033134990061,61.7422813543489,PRIVATE,15241.0495687375,11.5754567990668,Train,flour%lamb%wine%stationery%crackers%rolls%milk
State308,STABLE DEM,3455.10244006393,13.7066755320842,31.4555858556325,35.6927018750631,,,14.3557392348214,25.4792458725035,,PRIVATE,14593.2474031961,25.9945172438128,Train,beef%pork%bread%fuit%detergent%cider%crackers%condiments
State309,UNSTABLE DEM,1486.65614202884,14.8130061652627,,39.1043070900319,518.714431516326,,,,63.4236269952004,INSURANCE,4890.81673714244,22.3658623761618,Train,cleaner%biscuits%salads%condiments%crisps%flour%crackers%rolls%magazine
State310,STABLE DEM,5644.25036723065,14.423580923923,,39.8427127910849,494.999928173691,63.1996352823415,14.7397371329731,19.6552553527905,56.8147903866697,INSURANCE,4917.02458494742,16.2780633747874,Train,crisps%cocoa%biscuits%magazine%cordial%beer%crackers%cheese
State311,STABLE DEM,,,,35.0180690760899,521.919204045801,,15.7288756209406,23.566383659229,57.3766878993616,INSURANCE,5320.95482708437,28.0329752631095,Train,jam%condiments%butter%cider%tea%stationery%cheese%soft drink%milk%pork
State312,UNSTABLE DEM,2724.11034542256,15.604849314798,,38.395638118434,489.543529651733,17.5277217281196,11.3101362994001,25.1683373700419,28.4001875589297,FREE,,26.168126510212,Train,vegetables%bread%chocolate%stationery%pork%cordial%jam%chicken
State313,STABLE DEM,,,,39.8419707232154,502.073386067387,54.3888370891098,13.7137882417796,21.812511882816,,FREE,,18.2269403515499,Train,coffee%dressings%magazine%chocolate%fuit%condiments%crisps%chicken%cordial%flour%beer
State314,STABLE DEM,3255.9409548726,13.0361801923459,,,,54.148804051807,17.0261917131446,23.4138303925635,,INSURANCE,4981.00725486128,25.3583591568698,Train,beef%cider%chicken%flour%detergent%wine%cordial%sauces%cheese
State315,UNSTABLE DEM,3532.43967994793,15.7558744878711,36.186228310397,,507.428157980548,53.1332483777204,,25.5843209172618,,INSURANCE,5217.22122410132,22.132523424197,Train,fuit%chicken%pork%flour%jam
State316,UNSTABLE DEM,5011.52325742018,,35.1614802926604,,504.920106383764,48.2141861936561,12.5869176913115,,61.0932975607018,INSURANCE,5258.81370169577,22.7252268989883,Train,rolls%cleaner%crisps%flour%butter
State317,UNSTABLE DEM,1136.0566874834,15.188533950204,,39.7910485453649,493.977312777701,55.8596892858912,12.3221321197226,22.122586239622,-99,INSURANCE,5356.52314665308,14.1686453400172,Train,coffee%fuit%soft drink%pork%flour%jam
State318,STABLE DEM,4899.65564842669,13.054387124547,,,,,13.8895182323742,22.8613883699887,61.7324807891998,INSURANCE,5040.81806243629,18.1703319530623,Train,stationery%coffee%cheese%crisps%milk%biscuits%fuit%detergent%crackers%salt%beef
State319,UNSTABLE DEM,5522.05612567638,17.4336065164395,36.8603414249156,40.8847200180547,493.373189798423,55.4483031642014,15.1543015240933,25.20384624636,-99,INSURANCE,5087.88670305764,18.7702514739465,Train,salt%tea%bread%beer%crisps%pork%cleaner
State320,STABLE DEM,,17.1637656868662,,39.9114824103218,,56.7433464962632,12.7083336764217,,16,INSURANCE,5220.30320273477,18.5695044428892,Test,crackers%sugar%rolls%dressings%vegetables%cleaner%wine%salt%milk
State321,STABLE DEM,,15.4573297034229,35.5244808769774,35.5453662064362,,53.8110075659507,,20.0368994230502,60.8704597132289,FREE,,13.1254875721157,Train,magazine%wine%condiments%beer%vegetables
State322,STABLE DEM,1325.15089810121,13.5903047262325,31.6791642616304,36.351024997607,496.223926644956,52.90709741529,15.5577567341642,27.7309638706698,57.1766818311756,INSURANCE,5056.50838926509,20.4558462593697,Train,pork%cordial%stationery%soft drink%tea%fuit%butter%cider%milk%rolls
State323,UNSTABLE DEM,522.140491416787,20.4931782046982,,41.8743086174113,491.635854224372,57.7200638512677,11.5925774664756,25.8912741547787,-99,INSURANCE,5123.70163757244,20.5312323165658,Train,rolls%detergent%cider%stationery%crisps%soft drink%cheese
State324,UNSTABLE DEM,971.162845352716,17.5639462955443,38.0991509902586,36.4165672377899,494.628509624876,54.7656079419565,15.3612527879592,25.5526120074438,-99,INSURANCE,5054.63148329701,17.9852188346654,Test,sugar%coffee%milk%soft drink%bread%condiments%crackers%fuit%dressings%beef
State325,OTHER,1134.52860159144,13.0318121430664,30.9293081109178,36.8516731010528,,,,20.0674505483837,61.3422928717762,INSURANCE,4939.32719883562,20.4758311290184,Train,chicken%condiments%crisps%tea%jam%chocolate
State326,STABLE DEM,1410.04500018675,14.9723957397151,,,502.091349438516,54.4948267118924,,,53.0904248259462,INSURANCE,5112.09868842382,19.2827865686054,Train,dressings%cocoa%cleaner%detergent%bread%milk%biscuits%fuit%jam%rolls%stationery
State327,STABLE DEM,,11.3217447508465,30.8674359527426,38.1605876957154,504.327403140188,,13.0595508489541,,57.476193585409,INSURANCE,5200.45682303807,18.2107111782394,Test,flour%cider%fuit%salads%butter%jam%rolls%dressings%wine%tea
State328,STABLE DEM,3364.72395966897,,35.6797965372987,40.8178605278186,,61.7087428727706,17.8911165637424,,59.4614870874566,FREE,,25.2510842970911,Test,cocoa%cordial%tea%detergent%cleaner%sugar
State329,UNSTABLE DEM,3897.03631570025,12.8513509495471,,36.5485610911777,498.693127734754,54.7156089507366,15.6071075184687,23.3720110305756,60.7942885850158,PRIVATE,14650.2469690308,16.9536109324897,Train,bread%pork%soft drink%wine%cordial%magazine%rolls%crisps%chocolate
State330,OTHER,,17.3958326136121,,-99,515.357201663686,58.003020475036,12.0727722899378,-99,-99,INSURANCE,5363.3073412349,20.7401834459262,Test,cordial%butter%sugar%lamb%milk%dressings%soft drink%magazine%detergent%beer%biscuits
State331,OTHER,,,,41.5280316087435,502.200575463294,,14.1686806994465,24.9313480713437,54.5322034849577,INSURANCE,4852.45746299548,25.639141176955,Train,biscuits%cocoa%jam%condiments%flour%crackers%lamb%tea%crisps
State332,STABLE DEM,449.346934065787,,31.718366787457,-99,,49.9175696831278,15.457831898279,-99,-99,INSURANCE,4928.13087259162,23.9329668001591,Test,beer%magazine%vegetables%pork%rolls%soft drink%crackers%chocolate%sauces
State333,STABLE DEM,,,31.329699420728,,505.537948250865,51.5655204952715,16.4320426447637,25.175124092113,63.2586857519719,PRIVATE,14533.7548270751,22.6326664105326,Test,soft drink%beef%salads%rolls%condiments%flour
State334,DICTATORSHIP,,18.3258941859787,,,504.807714758823,54.0366601223602,,22.24514000988,63.904986067831,PRIVATE,14855.7814916288,20.6842836566376,Test,salads%soft drink%pork%cheese%chocolate%cider
State335,UNSTABLE DEM,1586.54603923513,14.1722946704331,,38.4288669582496,496.197065780936,53.400677905267,13.8457436636547,24.9713000324253,-99,FREE,,20.0522126998445,Train,tea%rolls%condiments%chocolate%fuit%sauces%salads
State336,DICTATORSHIP,3077.5390497315,14.7439897623842,37.2699764369108,38.1967064399027,,55.001440489963,18.6311099488476,,,INSURANCE,4904.33961464341,24.715963337462,Train,crackers%biscuits%beef%bread
State337,UNSTABLE DEM,4542.81009543341,15.06780144402,,36.7880309621641,488.609510464705,50.931397098785,14.2924444101147,27.3414693787383,62.5729049084015,PRIVATE,14587.4867823857,17.0130526013526,Train,cordial%vegetables%milk%soft drink%cocoa%butter%cleaner%tea%magazine%rolls
State338,UNSTABLE DEM,2134.51404566337,13.947759362228,,39.8118879469664,489.084624753324,58.9105515773685,15.9375232483225,26.2119821860051,-99,INSURANCE,4980.29850517127,19.4764942710297,Test,biscuits%chocolate%cheese%stationery
State339,STABLE DEM,2951.76360315527,20.118687111904,39.917246434279,,505.542902859068,,12.981034719051,,63.2099955013563,INSURANCE,4778.97396589482,19.0316494275415,Test,dressings%fuit%beer%magazine%bread%tea%soft drink%crackers
State340,OTHER,2417.49848386095,,,,511.25999791758,53.681634146217,13.5432132811971,,60.8801064704583,PRIVATE,14647.3689106007,23.8890148999503,Train,condiments%dressings%cider%beer%chocolate%stationery%bread%cheese%fuit%tea
State341,STABLE DEM,3297.47134056361,10.7145502562782,,38.3626649751153,496.358919500172,53.9119653095499,16.0829715393791,25.5814478176014,57.8118933636076,FREE,,22.3542607672414,Train,magazine%beef%detergent%tea%beer
State342,STABLE DEM,394.296145452444,14.9599406729888,35.6196605382159,40.6300146556674,490.342154902201,51.5071495332048,13.9530353636062,22.6810252490854,64.4844466020934,INSURANCE,5314.25851236988,13.6603200027121,Train,fuit%dressings%beer%cheese%lamb%cocoa%bread
State343,STABLE DEM,1739.48789441386,20.0768364728929,,44.0337704267833,494.819853824126,61.312985440298,12.5472224838261,22.0224464503954,62.638285713207,INSURANCE,4620.4284552236,16.2716370588781,Train,magazine%bread%crisps%vegetables%beef%rolls%cider%detergent%butter%chicken%fuit
State344,STABLE DEM,,17.0456924699365,35.3050275445811,,,52.2886342206739,11.7881997541738,20.1988414179174,60.2504644221795,INSURANCE,5255.02565471093,25.9766055630605,Test,crackers%salads%sauces%sugar%beef%crisps%bread%cocoa%pork
State345,UNSTABLE DEM,,,,42.0425673015074,500.746356738212,64.1447680211902,,18.1841999971203,-99,INSURANCE,5290.41297624572,14.3650822327238,Train,lamb%stationery%fuit%dressings%biscuits%salads%condiments%cheese%coffee%wine
State346,STABLE DEM,,,34.0005133636754,39.5938125890501,516.773000418597,,16.6737371757092,29.5606692803148,62.3745351974017,INSURANCE,4867.66637737152,33.144019811475,Train,biscuits%cider%salads%cleaner%flour%sauces%coffee
State347,STABLE DEM,,,36.9056203258095,39.2975236231775,504.381197079983,57.6140279580131,13.7953735783723,,56.6450317254837,INSURANCE,5175.69007554817,25.4339897420405,Train,bread%fuit%coffee%flour%sugar%condiments%wine
State348,UNSTABLE DEM,1722.61402846503,18.7577519568907,37.1452105340133,,,,11.9522954033808,22.2789185367209,65.2487234469722,INSURANCE,4643.33630486875,16.022413203842,Test,stationery%cocoa%condiments%sauces%cider%biscuits%coffee%salt%tea
State349,OTHER,619.834692392504,,31.2396055389345,,,54.6320091326054,14.4374573192319,16.8946711179678,65.8329021169532,FREE,,19.8850767610264,Train,beef%soft drink%milk%cocoa%crisps%jam%cider
State350,UNSTABLE DEM,,,,,510.431842520533,49.1016323559916,13.1719908963974,25.6482966810004,-99,PRIVATE,15356.2800099713,25.3185857631068,Train,butter%flour%sauces%sugar%magazine%crisps%bread%beer%cocoa%salads%lamb
State351,STABLE DEM,2134.27290017002,13.5598197201597,,35.9801519657284,494.219198585713,59.6085028650549,14.1722760865459,18.1407566863519,58.2336878163164,PRIVATE,15065.9694011613,9.30983949174902,Train,wine%biscuits%soft drink%crackers
State352,STABLE DEM,2872.78782673532,12.8795584242875,32.4307099151112,35.7089824127939,493.09704903405,60.385991602388,14.8856213835757,21.9001506810613,59.0091161164757,INSURANCE,4799.98798852851,13.2612404976559,Train,salads%wine%butter%salt%chicken%stationery%rolls%soft drink%crackers
State353,STABLE DEM,2563.71954542193,,,,505.997706140612,53.8358163197759,,29.3827102273207,65.4047844540432,INSURANCE,4750.91527524491,23.9839089304548,Train,biscuits%salads%cleaner%sauces%milk
State354,STABLE DEM,2966.28810833253,14.6464679453401,,37.9158044931943,498.202993114703,55.7224498247752,15.2052213509648,26.414717080021,61.7084120159209,PRIVATE,14681.0108248627,20.8005106301642,Train,pork%cordial%butter%coffee%jam
State355,UNSTABLE DEM,969.046906102224,18.8781125858262,,37.6003163996169,498.624254758981,48.618613152499,13.8219300340411,29.146934128965,56.1282294006154,INSURANCE,5093.42759279068,24.5035842575567,Train,coffee%tea%pork%bread%cleaner%cordial%butter%jam%soft drink%flour%wine
State356,UNSTABLE DEM,645.428873508072,14.7445385101224,31.639185897278,,,56.9560337826999,11.6982898659486,18.6479879358431,,INSURANCE,4946.30088667216,15.3440339029313,Train,coffee%sauces%flour%stationery%cocoa%fuit%detergent%dressings%bread
State357,UNSTABLE DEM,,,,39.3806048240257,,49.5750133717681,13.0359084408286,24.9027892707107,-99,FREE,,27.2586786520447,Train,crisps%pork%vegetables%soft drink%jam%lamb%sauces%tea%salt%sugar%detergent
State358,DICTATORSHIP,2370.25186748663,,32.4392979826279,,500.212908396209,60.1512255433344,14.189463736588,23.8033538796071,,INSURANCE,4917.40100960095,21.0120378484658,Test,jam%stationery%crackers%cider%beer%cocoa%wine%crisps
State359,OTHER,1439.44763225795,12.8398987340365,,33.5820730555092,494.322322822716,51.9785893674448,15.4489224075883,26.9347922996223,63.2761086841796,INSURANCE,5046.80391591338,17.572837647958,Test,milk%magazine%vegetables%beef
State360,UNSTABLE DEM,,13.3725443475601,,38.4088571367019,,,13.5604108296283,18.3732979791874,59.2392442758193,INSURANCE,5135.30990107924,22.1593815876142,Train,sauces%chicken%cider%crackers%wine%soft drink
State361,OTHER,,,35.0500256238037,,510.446438991959,61.3400972565159,15.2634760288628,18.7061339428396,56.5245775129014,INSURANCE,4539.19172551847,23.1074242158414,Train,fuit%vegetables%coffee%beer%bread%salt%crisps%pork%rolls%condiments
State362,UNSTABLE DEM,,16.8585754646919,,36.9382803601943,,,11.9320719154036,18.8226601474501,62.3750937608099,INSURANCE,5050.19456659792,13.0699970649759,Train,milk%biscuits%beer%rolls%cleaner%dressings%salt%sugar%cocoa%tea
State363,UNSTABLE DEM,1062.5176991716,16.037107106728,31.5427924321303,,,54.3038325617275,13.7063762090033,25.1091120450882,,FREE,,26.6936433854995,Train,chocolate%soft drink%stationery%detergent%salt%fuit
State364,STABLE DEM,4087.16806794148,15.7918904707155,,38.6679740327496,489.804048012688,60.7988274652489,13.3993443631242,20.0164145400176,62.1956105508647,INSURANCE,4710.53019588185,9.9076731103335,Train,chocolate%salads%crisps%chicken%vegetables%butter%fuit%cheese
State365,UNSTABLE DEM,,,34.0806273095622,37.3989748295164,509.960118740888,,13.3828162016096,26.4223173589536,63.1097445051946,INSURANCE,5005.67995965834,24.9153525837359,Train,stationery%rolls%salads%chicken%pork%cheese
State366,STABLE DEM,3504.54440672201,,31.7670383736443,,507.707612999073,,9.00518847954032,17.1966934830004,53.5710440148567,INSURANCE,5063.22588867737,18.6853942449171,Train,sauces%sugar%cordial%wine%cocoa%biscuits%detergent%fuit%beef%milk
State367,UNSTABLE DEM,941.276483534731,14.7553378579933,,37.3790515767114,495.16470162967,54.5130477339121,14.6378671392137,26.0427696781171,55.7454765198875,INSURANCE,4940.70699271228,20.7685975702602,Train,tea%salt%chocolate%sauces%chicken%condiments%stationery
State368,STABLE DEM,3880.15855194534,12.7914805334827,,,502.197739801283,,16.928715138691,,58.2362260112618,INSURANCE,4940.14599485231,21.44030191068,Test,flour%cheese%cleaner%crisps%detergent%crackers%beef%biscuits
State369,STABLE DEM,3349.67264373022,8.4538717118535,30.0675612646442,40.1330859480932,487.942743361886,63.366588589629,17.2817839052983,21.2299990592641,58.5111055346858,INSURANCE,4694.52739588294,12.3720565122876,Test,wine%biscuits%vegetables%sauces%salt%bread%flour%stationery%cordial%crackers%tea
State370,STABLE DEM,3063.0837987039,13.4560643547081,,33.3777431530625,495.932414350383,51.0930674788874,15.9276082405462,28.1901001024887,57.9225341951392,INSURANCE,4700.75297433172,20.317749813773,Train,crisps%pork%coffee%lamb%stationery%salads%tea
State371,UNSTABLE DEM,1775.18909345747,13.7067804217122,,40.5350129882737,496.232822304693,54.5198984767471,15.7795726519889,22.9636710179099,66.9780583881376,INSURANCE,5232.02989706354,15.7867823795152,Test,salads%chocolate%cocoa%chicken%sugar%condiments%lamb%bread%crackers%rolls
State372,UNSTABLE DEM,894.120805615156,17.0650157105747,33.3270789310539,44.3234873282797,499.496578951434,64.397242123445,12.0737195777684,18.4593937958275,-99,INSURANCE,5054.48096122919,15.9942745019158,Train,condiments%chicken%butter%biscuits%coffee%fuit%cordial%stationery%cheese%cocoa
State373,UNSTABLE DEM,1665.26816717004,,34.1018234186059,39.023623755853,506.829531320187,,15.5414534018604,,63.3731821120788,PRIVATE,15177.0898951272,23.7583678503961,Test,salads%crisps%tea%magazine
State374,UNSTABLE DEM,3482.32671457299,15.3449388896749,30.6377628809587,37.4828084742651,485.065631374204,52.2280733473457,10.5607811024362,22.8415899350142,57.9694044000259,INSURANCE,4771.58912313332,12.9526341449486,Train,pork%salads%jam%butter%vegetables
State375,STABLE DEM,4992.38190576641,16.6400390761375,,40.7387473497996,491.055989298469,55.9301658434609,12.0617738909873,20.8603143297809,64.1532806895832,INSURANCE,5252.66125194963,12.5686222708424,Train,crackers%chicken%crisps%cocoa%wine%magazine%condiments%bread
State376,STABLE DEM,5372.35182658188,,,37.04198776145,,58.3465354909881,16.2465722063193,24.114769693483,,FREE,,25.365663013742,Train,wine%cheese%chicken%cleaner
State377,UNSTABLE DEM,,14.4079412195119,,,507.722319899764,64.4389279638214,14.568792421574,,59.1694064196527,INSURANCE,5035.35389839772,20.1021930392494,Train,condiments%stationery%magazine%beef%chicken%tea
State378,STABLE DEM,4206.11156392328,,,45.6538161265311,,52.3556764723169,13.1995381433847,22.1361730427897,,FREE,,25.6729654982177,Test,soft drink%salads%beef%vegetables%bread%milk
State379,STABLE DEM,1601.36593582933,13.7692493862787,34.008629396318,35.5866253422983,490.052142147414,20.8133187976624,13.3828187686584,21.0453826209167,35.5335496543643,FREE,,20.7009947853895,Train,sugar%butter%cordial%salt%chocolate
State380,DICTATORSHIP,,,,34.3661106440615,512.006975347834,56.9145253702832,,21.9660943444286,60.5936139734849,PRIVATE,15444.2969080345,20.4131988901745,Train,vegetables%salads%crackers%condiments%crisps%wine%bread
State381,STABLE DEM,3079.5913723818,,35.0112355719255,43.1869654971836,,60.2494846285644,17.2063827986881,23.1360107769243,,INSURANCE,5160.26271805225,26.9223940649998,Train,beef%condiments%chocolate%crackers%fuit%cheese%cocoa%beer%bread%jam
State382,STABLE DEM,4019.85655901018,16.8853055758757,,,510.874831010448,,14.845530944876,,59.2116583157221,INSURANCE,5024.12249279785,22.9565194095601,Train,cheese%sauces%cordial%lamb%salads%chocolate%rolls
State383,OTHER,3547.26916831398,20.0521399480165,37.6506461782023,,503.512830233847,52.2865472929085,,,61.4879012282895,INSURANCE,5181.1846265542,19.0454318864462,Train,chocolate%condiments%cordial%salt%cocoa
State384,OTHER,837.780874853793,13.0633494103675,,,506.16710806861,,,24.2711122898402,63.9566099965556,FREE,,21.6655705765346,Train,tea%crackers%cocoa%chicken%magazine%sauces%lamb%wine%jam
State385,OTHER,,14.4629594092734,,40.9475829785421,518.005391865891,59.7316551485499,,,61.8010695704853,INSURANCE,4730.37427917194,27.9678545882171,Train,sauces%soft drink%cheese%tea%stationery%beer%biscuits
State386,UNSTABLE DEM,712.390259262367,15.4924794103662,,38.9936168446856,485.76171970887,55.5610387914012,11.1688678399168,19.0030163073113,-99,INSURANCE,4770.12079097633,7.90637023737311,Test,cleaner%sauces%biscuits%jam%coffee%beef%cheese
State387,UNSTABLE DEM,,18.3259767614228,,41.4243925913803,,,12.7627336705538,23.3811487756656,61.8642131337069,FREE,,22.6148185200252,Train,salt%sugar%chocolate%dressings%lamb%condiments%beer%bread
State388,STABLE DEM,4150.85856795771,12.887213073353,,35.372910266753,498.51318601069,57.8952546669473,13.9062856237155,20.6194471023341,58.3130182470817,INSURANCE,5047.02728397771,13.5321047896739,Train,tea%flour%salads%vegetables%cordial%chocolate%cleaner
State389,STABLE DEM,,13.7279056504172,,,,55.6162179590399,15.1734583864308,21.075270512737,66.3259624209766,FREE,,23.7374109908092,Test,soft drink%salt%beer%cheese%detergent%cordial%crackers
State390,STABLE DEM,,12.8948557611215,,42.3580638256808,,,15.5012276840789,25.7810745062697,57.2493141594497,INSURANCE,5085.8324232746,29.1725346960177,Train,cordial%cocoa%fuit%beer%chicken%dressings%milk%lamb
State391,STABLE DEM,,13.4374288855108,,34.3109618349137,,66.4027559048559,13.0637794960115,18.9074312219269,,INSURANCE,5200.60640091812,15.6385197297027,Train,stationery%butter%tea%soft drink
State392,DICTATORSHIP,,16.8488754019102,36.0233818511192,,,55.5282130990196,13.5775138139985,24.5867506023968,61.0528597195494,INSURANCE,4940.85764618264,20.9175868129193,Train,cleaner%magazine%beer%stationery%tea%coffee
State393,STABLE DEM,4395.74080594567,13.679117168747,,40.9220255237349,508.150899396318,58.9505562257712,,,,INSURANCE,4995.30229659281,22.6989562138937,Train,butter%lamb%condiments%biscuits%wine%sauces%cheese%flour
State394,UNSTABLE DEM,2822.99679381896,,,36.0774946864598,,60.762383171692,10.9999333883277,,58.557825089815,INSURANCE,4763.61952935148,14.1652861993386,Test,wine%biscuits%salt%detergent%cider%salads%tea
State395,UNSTABLE DEM,,,,35.6999657562509,505.596483619268,59.7603956703874,13.9971167566186,,61.8536205151712,INSURANCE,4665.85934228888,16.4809944287034,Test,salads%lamb%cocoa%chocolate%rolls%cheese%beef
State396,STABLE DEM,3537.36647173393,9.78305153299839,,38.530006946881,486.423244373555,17.0363664212681,16.3758954356712,24.9739427530165,38.5363227953557,INSURANCE,4930.18758181671,21.4997727133213,Train,salt%fuit%chicken%crisps%vegetables%bread%wine%condiments%cordial
State397,UNSTABLE DEM,,12.8006629267709,,-99,,21.7385833882074,,-99,-99,INSURANCE,5139.97075480247,36.1631896252511,Train,coffee%cheese%magazine%fuit%beef%stationery%vegetables%soft drink%sugar%jam%dressings
State398,UNSTABLE DEM,4990.36931561184,14.248619755288,,40.7600151990906,494.660282750798,30.9171409855043,16.8982088541231,24.0376906128361,32.5254473000828,PRIVATE,14672.6388660831,25.8397467008591,Test,rolls%salt%flour%beer
State399,OTHER,2610.77828201112,,,36.2790904067261,517.613123559642,54.5531298286905,12.157270993522,,,INSURANCE,4546.37018193408,24.9591115681667,Test,beer%butter%jam%cordial%salt%cleaner%flour
State400,DICTATORSHIP,1621.5282190175,15.2887079576041,,41.6432344894019,485.669453487317,56.0473878011559,13.8802819054105,20.1703743017007,66.3596283167094,FREE,,10.5541110939733,Train,wine%chicken%flour%sugar
State401,OTHER,,10.8764113089887,,30.6790099800289,,52.1626415558634,12.8696136199832,20.1124245528597,,INSURANCE,4801.86645132812,12.2776785841426,Train,vegetables%lamb%cider%cocoa%stationery
State402,STABLE DEM,3535.33431376675,12.6620668942558,34.9212377376804,38.5308078791328,483.477354607126,52.7107662062707,14.9233009700923,24.0051722470907,59.4648961068136,INSURANCE,5386.34445787182,14.0523362194458,Train,magazine%salt%beer%tea%crisps%salads%chocolate%cleaner%detergent
State403,UNSTABLE DEM,,19.8180206485608,37.6500428208761,,,55.080370979579,12.179047750652,24.4976907484157,58.604961446052,FREE,,26.0410486439582,Train,crackers%salt%cider%chocolate%pork%cocoa%vegetables%cleaner%wine%stationery
State404,STABLE DEM,,,,39.6496158237868,510.425558863345,54.6855861856435,12.8305820977947,,58.9540597098657,INSURANCE,5202.12036417242,22.986978458482,Test,wine%salads%beer%stationery%milk%bread%jam%pork%sugar%beef
State405,STABLE DEM,2347.34597132774,11.9124622382788,30.1826247360468,,,54.4101505522024,14.3370614866063,,54.1257736342574,INSURANCE,4933.52973516068,31.3625504933571,Train,stationery%crackers%beer%cider%flour%sauces%butter
State406,UNSTABLE DEM,7489.78983904791,17.0237405804308,34.8813190846817,41.4000228542339,,,10.7158220722596,,-99,INSURANCE,4982.78559938944,21.6891523223269,Test,vegetables%bread%chicken%jam%stationery%butter%sauces%cocoa%pork%cheese
State407,STABLE DEM,2470.81195116169,16.2032049934974,,40.7069159278855,498.989755963426,55.0904550743746,14.4370588152673,24.3534343028043,61.1944898990436,PRIVATE,15263.4841203966,20.3706043095259,Test,flour%beef%bread%crackers%cider%coffee%biscuits%soft drink%cocoa
State408,UNSTABLE DEM,1075.86243261417,14.8653218269384,32.5799202551092,39.9353964469515,494.972347629267,59.6471467701519,16.1159332878593,20.9835906612973,63.6627978893815,INSURANCE,5333.14254650643,13.3082105909855,Train,salt%crisps%chocolate%sauces%beef%cheese%flour%wine%tea%jam
State409,STABLE DEM,1090.82908425508,,,37.8858904064476,,62.1810838467882,,23.7593542617457,60.9927404425757,INSURANCE,5023.79412690623,18.7178229636799,Test,biscuits%salt%beef%stationery%chocolate%cordial%jam%sugar%condiments
State410,UNSTABLE DEM,2038.88169743188,13.6201284549169,33.8147744705965,36.3800544410528,509.260535330647,52.2072912003144,,,,INSURANCE,4927.68852727561,16.80278190442,Train,magazine%detergent%flour%cordial%lamb%stationery%tea%sauces%crisps%beer
State411,DICTATORSHIP,3030.42748286076,,,43.1332613997079,510.656618523457,58.3381971521244,,23.9347590988109,,FREE,,26.9711988369916,Test,milk%beer%condiments%salt%cheese
State412,STABLE DEM,6753.69844371379,13.6206688085844,,37.4448558748534,491.050710856272,60.5186042880322,15.8949461845557,23.0668511717227,62.0634533720339,PRIVATE,14646.1205150968,12.6312454431535,Train,biscuits%beer%salt%crisps%rolls%lamb%sauces
State413,STABLE DEM,3328.94671446296,14.0947581109616,,40.6973554172504,501.438131203529,,,,57.2068826251574,INSURANCE,4846.74830937482,22.8044939321054,Train,vegetables%cocoa%cordial%magazine%coffee%beef%stationery%wine%tea%cleaner%sugar
